id_etudiant,nom,niveau_etudes,domaine_interet,competences,description_profil,disponibilite_mois,ville_preferee
ETU-001,Aymen Msolli,Master 1,Informatique & Web,Symfony PHP Docker Kubernetes Flutter,Étudiant(e) en Master 1 spécialité Ingénierie Informatique avec un vif intérêt pour le domaine Informatique. A réalisé une application mobile Flutter connectée à une base de données SQL durant son cursus universitaire. Souhaite se spécialiser en architecture logicielle et cloud après l'obtention de son diplôme.,6,Monastir
ETU-002,Skander Ferjani,Master 1,Ressources Humaines,Évaluation-des-Compétences Onboarding Formation SIRH Droit-du-Travail Fiches-de-Poste,Étudiant(e) en Master 1 spécialité Gestion des Ressources Humaines avec un vif intérêt pour le domaine Ressources Humaines. A réalisé un mémoire sur la gestion des talents et la fidélisation des employés durant son cursus universitaire. Souhaite se spécialiser en gestion des talents après l'obtention de son diplôme.,5,Tunis
ETU-003,Malek Mabrouk,3ème année,Finance & Comptabilité,SAP Analyse-Financière Contrôle-de-Gestion Bilan,Étudiant(e) en 3ème année spécialité Finance d'Entreprise avec un vif intérêt pour le domaine Finance. A réalisé une étude sur l'analyse financière et les ratios de rentabilité d'une PME durant son cursus universitaire. Souhaite devenir analyste financier dans une institution bancaire après l'obtention de son diplôme.,6,peu importe
ETU-004,sami trabelsi,3ème année,Santé & Biologie,Essais-Cliniques Microbiologie Diagnostics Protocoles,Étudiant(e) en 3ème année spécialité Biotechnologie et Santé avec un vif intérêt pour le domaine Santé. A réalisé un mémoire sur le suivi d'essais cliniques durant son cursus universitaire. Souhaite se spécialiser en recherche clinique après l'obtention de son diplôme.,2,Nabeul
ETU-005,Karim Hammami,2ème année,Informatique & Web,Spring-Boot Git Symfony Kubernetes JavaScript Node.js,Étudiant(e) en 2ème année spécialité Génie Logiciel avec un vif intérêt pour le domaine Informatique. A réalisé un projet de fin d'études sur une application web en React et Node.js durant son cursus universitaire. Souhaite se spécialiser en architecture logicielle et cloud après l'obtention de son diplôme.,5,peu importe
ETU-006,Fedi Boukadida,Master 2,Ressources Humaines,Fiches-de-Poste Onboarding Formation Gestion-des-Talents,Étudiant(e) en Master 2 spécialité Gestion des Ressources Humaines avec un vif intérêt pour le domaine Ressources Humaines. A réalisé une étude sur l'optimisation du processus de recrutement durant son cursus universitaire. Souhaite évoluer vers un poste de responsable RH après l'obtention de son diplôme.,4,à distance
ETU-007,Bilel Ben Salah,3ème année,Finance & Comptabilité,SAP Audit Contrôle-de-Gestion Comptabilité,Étudiant(e) en 3ème année spécialité Finance et Contrôle de Gestion avec un vif intérêt pour le domaine Finance. A réalisé une analyse de portefeuille d'investissement durant son cursus universitaire. Souhaite évoluer vers un poste de trésorier d'entreprise après l'obtention de son diplôme.,4,
ETU-008,Aymen Chaabane,3ème année,Génie Civil & BTP,AutoCAD Structures Sécurité Béton-Armé,Étudiant(e) en 3ème année spécialité Génie Civil avec un vif intérêt pour le domaine Génie Civil. A réalisé une étude de faisabilité pour un ouvrage de génie civil durant son cursus universitaire. Souhaite se spécialiser en bureau d'études structures après l'obtention de son diplôme.,6,Nabeul
ETU-009,Emna Chaabane,Master 2,Génie Civil & BTP,Revit Génie-Civil Topographie Sécurité Structures Ouvrages,Étudiant(e) en Master 2 spécialité Génie Civil et Structures avec un vif intérêt pour le domaine Génie Civil. A réalisé une étude de faisabilité pour un ouvrage de génie civil durant son cursus universitaire. Souhaite devenir ingénieur chantier dans une entreprise de construction après l'obtention de son diplôme.,3,à distance
ETU-010,Skander Fitouri,2ème année,Finance & Comptabilité,Excel Comptabilité Trésorerie SAP IFRS Audit,Étudiant(e) en 2ème année spécialité Finance d'Entreprise avec un vif intérêt pour le domaine Finance. A réalisé une étude sur l'analyse financière et les ratios de rentabilité d'une PME durant son cursus universitaire. Souhaite se spécialiser en audit et contrôle de gestion après l'obtention de son diplôme.,3,Nabeul
ETU-011,Salma Guesmi,2ème année,Marketing & Digital,Google-Ads Content-Marketing Branding Réseaux-Sociaux SEA,Étudiant(e) en 2ème année spécialité Communication et Marketing avec un vif intérêt pour le domaine Marketing. A réalisé une étude de marché sur le comportement des consommateurs en ligne durant son cursus universitaire. Souhaite évoluer vers un poste de brand manager après l'obtention de son diplôme.,5,Tunis
ETU-012,ahmed dridi,3ème année,Marketing & Digital,Copywriting Analytics SEA Emailing Content-Marketing,Étudiant(e) en 3ème année spécialité Marketing Digital avec un vif intérêt pour le domaine Marketing. A réalisé un plan de communication digitale sur les réseaux sociaux durant son cursus universitaire. Souhaite devenir chargé de marketing digital dans une agence après l'obtention de son diplôme.,,à distance
ETU-013,Ines Riahi,2ème année,Informatique & Web,API-REST Linux React Symfony,Étudiant(e) en 2ème année spécialité Ingénierie Informatique avec un vif intérêt pour le domaine Informatique. A réalisé un projet académique de développement d'API REST avec Spring Boot durant son cursus universitaire. Souhaite se spécialiser en architecture logicielle et cloud après l'obtention de son diplôme.,4,peu importe
ETU-014,Nour Nasri,2ème année,Marketing & Digital,Canva Analytics Marketing-Automation Emailing Community-Management Copywriting,Étudiant(e) en 2ème année spécialité Marketing Digital avec un vif intérêt pour le domaine Marketing. A réalisé une étude de marché sur le comportement des consommateurs en ligne durant son cursus universitaire. Souhaite évoluer vers un poste de brand manager après l'obtention de son diplôme.,5,peu importe
ETU-015,Oussama Gharbi,3ème année,Ressources Humaines,Gestion-des-Talents Évaluation-des-Compétences SIRH Onboarding Entretiens,Étudiant(e) en 3ème année spécialité Gestion des Ressources Humaines avec un vif intérêt pour le domaine Ressources Humaines. A réalisé une analyse des pratiques d'onboarding en entreprise durant son cursus universitaire. Souhaite évoluer vers un poste de responsable RH après l'obtention de son diplôme.,3,Sfax
ETU-016,Amine Amdouni,2ème année,Génie Civil & BTP,Revit Chantier Suivi-de-Travaux Métré Topographie AutoCAD,Étudiant(e) en 2ème année spécialité Génie Civil et Structures avec un vif intérêt pour le domaine Génie Civil. A réalisé un projet de conception de structures en béton armé sous AutoCAD durant son cursus universitaire. Souhaite évoluer vers un poste de conducteur de travaux après l'obtention de son diplôme.,5,Sfax
ETU-017,Mohamed Trabelsi,Master 2,Data & IA,TF-IDF Pandas Deep-Learning PyTorch Machine-Learning,Étudiant(e) en Master 2 spécialité Statistique et Informatique Décisionnelle avec un vif intérêt pour le domaine Data. A réalisé un projet de classification supervisée avec Naive Bayes et régression logistique durant son cursus universitaire. Souhaite devenir data scientist spécialisé en machine learning après l'obtention de son diplôme.,2,Ariana
ETU-018,Nour Tlili,2ème année,Génie Civil & BTP,Revit Béton-Armé AutoCAD Structures,Étudiant(e) en 2ème année spécialité Génie Civil avec un vif intérêt pour le domaine Génie Civil. A réalisé une étude de faisabilité pour un ouvrage de génie civil durant son cursus universitaire. Souhaite se spécialiser en bureau d'études structures après l'obtention de son diplôme.,4,peu importe
ETU-019,Salma Ayari,3ème année,Logistique & Supply Chain,Entrepôt Transport Import-Export Logistique Approvisionnement,Étudiant(e) en 3ème année spécialité Supply Chain Management avec un vif intérêt pour le domaine Logistique. A réalisé un projet de planification de transport et de réduction des coûts logistiques durant son cursus universitaire. Souhaite évoluer vers un poste de coordinateur import export après l'obtention de son diplôme.,3,Sousse
ETU-020,Oussama Ferjani,2ème année,Santé & Biologie,Protocoles Biologie-Moléculaire Microbiologie Contrôle-Qualité,Étudiant(e) en 2ème année spécialité Sciences Biologiques avec un vif intérêt pour le domaine Santé. A réalisé une étude sur le contrôle qualité de produits pharmaceutiques durant son cursus universitaire. Souhaite devenir technicien de laboratoire spécialisé en analyses biomédicales après l'obtention de son diplôme.,3,peu importe
ETU-021,ahmed amdouni,Master 1,Data & IA,Deep-Learning TensorFlow NLP Régression-Logistique Machine-Learning SQL,Étudiant(e) en Master 1 spécialité Intelligence Artificielle avec un vif intérêt pour le domaine Data. A réalisé un projet de classification supervisée avec Naive Bayes et régression logistique durant son cursus universitaire. Souhaite devenir data scientist spécialisé en machine learning après l'obtention de son diplôme.,5,peu importe
ETU-022,Firas Karray,Master 1,Finance & Comptabilité,Ratios-Financiers Audit Reporting Contrôle-de-Gestion,Étudiant(e) en Master 1 spécialité Comptabilité et Audit avec un vif intérêt pour le domaine Finance. A réalisé un mémoire sur l'audit des comptes et le contrôle interne durant son cursus universitaire. Souhaite devenir analyste financier dans une institution bancaire après l'obtention de son diplôme.,4,Sfax
ETU-023,Syrine Bouzid,Master 2,Data & IA,Pandas PyTorch NLP SQL,Étudiant(e) en Master 2 spécialité Data Science avec un vif intérêt pour le domaine Data. A réalisé une analyse TF-IDF de textes pour un moteur de recherche durant son cursus universitaire. Souhaite évoluer vers un poste d'ingénieur MLOps après l'obtention de son diplôme.,6,Sfax
ETU-024,Malek Selmi,2ème année,Génie Civil & BTP,Suivi-de-Travaux Structures Ouvrages Chantier Génie-Civil,Étudiant(e) en 2ème année spécialité Génie Civil avec un vif intérêt pour le domaine Génie Civil. A réalisé un suivi de chantier réel dans le cadre d'un stage précédent durant son cursus universitaire. Souhaite devenir ingénieur chantier dans une entreprise de construction après l'obtention de son diplôme.,6,peu importe
ETU-025,Aymen Nasri,3ème année,Data & IA,Spark Pandas Deep-Learning Power-BI Naive-Bayes,Étudiant(e) en 3ème année spécialité Intelligence Artificielle avec un vif intérêt pour le domaine Data. A réalisé un projet de classification supervisée avec Naive Bayes et régression logistique durant son cursus universitaire. Souhaite devenir data scientist spécialisé en machine learning après l'obtention de son diplôme.,5,Sfax
ETU-026,Karim Rekik,2ème année,Santé & Biologie,Contrôle-Qualité Diagnostics Laboratoire Biologie-Moléculaire Microbiologie,Étudiant(e) en 2ème année spécialité Sciences Biologiques avec un vif intérêt pour le domaine Santé. A réalisé un mémoire sur le suivi d'essais cliniques durant son cursus universitaire. Souhaite se spécialiser en recherche clinique après l'obtention de son diplôme.,6,Sfax
ETU-027,Hamza Khemiri,Master 1,Logistique & Supply Chain,Approvisionnement Import-Export Gestion-de-Stocks Optimisation-des-Flux,Étudiant(e) en Master 1 spécialité Supply Chain Management avec un vif intérêt pour le domaine Logistique. A réalisé une étude d'optimisation des flux d'un entrepôt durant son cursus universitaire. Souhaite devenir responsable logistique dans une entreprise industrielle après l'obtention de son diplôme.,4,Sousse
ETU-028,Dorra Nasri,3ème année,Marketing & Digital,Canva Marketing-Automation Content-Marketing Google-Ads Community-Management Réseaux-Sociaux,Étudiant(e) en 3ème année spécialité Marketing et Stratégie Commerciale avec un vif intérêt pour le domaine Marketing. A réalisé une étude de marché sur le comportement des consommateurs en ligne durant son cursus universitaire. Souhaite devenir chargé de marketing digital dans une agence après l'obtention de son diplôme.,3,Sousse
ETU-029,Fedi Hammami,Master 1,Finance & Comptabilité,Contrôle-de-Gestion SAP Reporting Audit Ratios-Financiers Analyse-Financière,Étudiant(e) en Master 1 spécialité Finance d'Entreprise avec un vif intérêt pour le domaine Finance. A réalisé une étude sur l'analyse financière et les ratios de rentabilité d'une PME durant son cursus universitaire. Souhaite se spécialiser en audit et contrôle de gestion après l'obtention de son diplôme.,3,à distance
ETU-030,Nour Zribi,3ème année,Marketing & Digital,Emailing Branding Community-Management SEO Réseaux-Sociaux Analytics,Étudiant(e) en 3ème année spécialité Communication et Marketing avec un vif intérêt pour le domaine Marketing. A réalisé une campagne SEO SEA pour une marque locale durant son cursus universitaire. Souhaite devenir chargé de marketing digital dans une agence après l'obtention de son diplôme.,4,Tunis
ETU-031,Ahmed Ayari,Master 2,Marketing & Digital,Réseaux-Sociaux SEA Marketing-Automation Content-Marketing,Étudiant(e) en Master 2 spécialité Marketing Digital avec un vif intérêt pour le domaine Marketing. A réalisé une campagne SEO SEA pour une marque locale durant son cursus universitaire. Souhaite devenir chargé de marketing digital dans une agence après l'obtention de son diplôme.,3,Ariana
ETU-032,Selim Tlili,2ème année,Data & IA,TensorFlow Python SQL Régression-Logistique PyTorch Deep-Learning,Étudiant(e) en 2ème année spécialité Statistique et Informatique Décisionnelle avec un vif intérêt pour le domaine Data. A réalisé un système de recommandation basé sur le machine learning durant son cursus universitaire. Souhaite évoluer vers un poste d'ingénieur MLOps après l'obtention de son diplôme.,,Sousse
ETU-033,Fedi Bel Hadj,2ème année,Informatique & Web,Docker PHP Spring-Boot SQL,Étudiant(e) en 2ème année spécialité Informatique Appliquée avec un vif intérêt pour le domaine Informatique. A réalisé une application mobile Flutter connectée à une base de données SQL durant son cursus universitaire. Souhaite se spécialiser en architecture logicielle et cloud après l'obtention de son diplôme.,2,
ETU-034,Dorra Dridi,2ème année,Marketing & Digital,Canva Branding Emailing Réseaux-Sociaux Google-Ads,Étudiant(e) en 2ème année spécialité Marketing et Stratégie Commerciale avec un vif intérêt pour le domaine Marketing. A réalisé un plan de communication digitale sur les réseaux sociaux durant son cursus universitaire. Souhaite devenir chargé de marketing digital dans une agence après l'obtention de son diplôme.,,Sousse
ETU-035,Nour Chaabane,2ème année,Marketing & Digital,SEA SEO Marketing-Automation Canva Analytics Branding,Étudiant(e) en 2ème année spécialité Marketing et Stratégie Commerciale avec un vif intérêt pour le domaine Marketing. A réalisé une campagne SEO SEA pour une marque locale durant son cursus universitaire. Souhaite devenir chargé de marketing digital dans une agence après l'obtention de son diplôme.,6,peu importe
ETU-036,Mariem Gharbi,Master 2,Data & IA,Spark Machine-Learning Naive-Bayes SQL,Étudiant(e) en Master 2 spécialité Data Science avec un vif intérêt pour le domaine Data. A réalisé un système de recommandation basé sur le machine learning durant son cursus universitaire. Souhaite évoluer vers un poste d'ingénieur MLOps après l'obtention de son diplôme.,2,
ETU-037,Ahmed Khemiri,Master 1,Santé & Biologie,Microbiologie Protocoles Analyses Laboratoire Pharmacovigilance Contrôle-Qualité,Étudiant(e) en Master 1 spécialité Biotechnologie et Santé avec un vif intérêt pour le domaine Santé. A réalisé une étude sur le contrôle qualité de produits pharmaceutiques durant son cursus universitaire. Souhaite devenir technicien de laboratoire spécialisé en analyses biomédicales après l'obtention de son diplôme.,3,Nabeul
ETU-038,Yassine Ayari,3ème année,Ressources Humaines,Paie Droit-du-Travail Formation Entretiens Gestion-des-Talents,Étudiant(e) en 3ème année spécialité Gestion des Ressources Humaines avec un vif intérêt pour le domaine Ressources Humaines. A réalisé une étude sur l'optimisation du processus de recrutement durant son cursus universitaire. Souhaite évoluer vers un poste de responsable RH après l'obtention de son diplôme.,3,Ariana
ETU-039,AYMEN GUESMI,Master 1,Informatique & Web,Symfony CI/CD Docker SQL Flutter,Étudiant(e) en Master 1 spécialité Génie Logiciel avec un vif intérêt pour le domaine Informatique. A réalisé un projet de fin d'études sur une application web en React et Node.js durant son cursus universitaire. Souhaite devenir développeur full stack dans une entreprise innovante après l'obtention de son diplôme.,4,peu importe
ETU-040,yasmine dridi,Master 1,Ressources Humaines,Fiches-de-Poste Onboarding Entretiens Formation Recrutement,Étudiant(e) en Master 1 spécialité Gestion des Ressources Humaines avec un vif intérêt pour le domaine Ressources Humaines. A réalisé une analyse des pratiques d'onboarding en entreprise durant son cursus universitaire. Souhaite devenir chargé de recrutement dans un grand groupe après l'obtention de son diplôme.,4,Tunis
ETU-041,Bilel Chaabane,3ème année,Logistique & Supply Chain,Gestion-de-Stocks Import-Export Optimisation-des-Flux Transport SAP Planification,Étudiant(e) en 3ème année spécialité Supply Chain Management avec un vif intérêt pour le domaine Logistique. A réalisé une étude d'optimisation des flux d'un entrepôt durant son cursus universitaire. Souhaite évoluer vers un poste de coordinateur import export après l'obtention de son diplôme.,6,peu importe
ETU-042,Amine Khemiri,3ème année,Logistique & Supply Chain,Gestion-de-Stocks Supply-Chain SAP Transport Entrepôt,Étudiant(e) en 3ème année spécialité Supply Chain Management avec un vif intérêt pour le domaine Logistique. A réalisé une étude d'optimisation des flux d'un entrepôt durant son cursus universitaire. Souhaite se spécialiser en supply chain management après l'obtention de son diplôme.,3,Sfax
ETU-043,Yassine Zribi,2ème année,Santé & Biologie,Essais-Cliniques Analyses Laboratoire Diagnostics,Étudiant(e) en 2ème année spécialité Sciences Biologiques avec un vif intérêt pour le domaine Santé. A réalisé un projet de recherche en biologie moléculaire au sein d'un laboratoire universitaire durant son cursus universitaire. Souhaite devenir technicien de laboratoire spécialisé en analyses biomédicales après l'obtention de son diplôme.,6,
ETU-044,Mariem Ferjani,Master 2,Génie Civil & BTP,Ouvrages Génie-Civil Structures Suivi-de-Travaux,Étudiant(e) en Master 2 spécialité Génie Civil avec un vif intérêt pour le domaine Génie Civil. A réalisé un suivi de chantier réel dans le cadre d'un stage précédent durant son cursus universitaire. Souhaite se spécialiser en bureau d'études structures après l'obtention de son diplôme.,4,Monastir
ETU-045,Mohamed Fitouri,2ème année,Informatique & Web,Kubernetes Node.js Flutter CI/CD API-REST,Étudiant(e) en 2ème année spécialité Génie Logiciel avec un vif intérêt pour le domaine Informatique. A réalisé un projet de fin d'études sur une application web en React et Node.js durant son cursus universitaire. Souhaite se spécialiser en architecture logicielle et cloud après l'obtention de son diplôme.,6,Nabeul
ETU-046,Syrine Rekik,2ème année,Ressources Humaines,Onboarding SIRH Recrutement Évaluation-des-Compétences Entretiens,Étudiant(e) en 2ème année spécialité Gestion des Ressources Humaines avec un vif intérêt pour le domaine Ressources Humaines. A réalisé un mémoire sur la gestion des talents et la fidélisation des employés durant son cursus universitaire. Souhaite évoluer vers un poste de responsable RH après l'obtention de son diplôme.,5,Sousse
ETU-047,Sarra Guesmi,Master 1,Data & IA,Python Deep-Learning Machine-Learning TensorFlow,Étudiant(e) en Master 1 spécialité Statistique et Informatique Décisionnelle avec un vif intérêt pour le domaine Data. A réalisé un système de recommandation basé sur le machine learning durant son cursus universitaire. Souhaite travailler sur des projets de deep learning et de NLP après l'obtention de son diplôme.,,Ariana
ETU-048,Skander Bouzid,Master 2,Génie Civil & BTP,Suivi-de-Travaux Topographie Structures Métré Sécurité,Étudiant(e) en Master 2 spécialité Génie Civil avec un vif intérêt pour le domaine Génie Civil. A réalisé un projet de conception de structures en béton armé sous AutoCAD durant son cursus universitaire. Souhaite devenir ingénieur chantier dans une entreprise de construction après l'obtention de son diplôme.,,Ariana
ETU-049,Firas Rekik,Master 2,Data & IA,Power-BI Deep-Learning Scikit-learn Machine-Learning Python Naive-Bayes,Étudiant(e) en Master 2 spécialité Statistique et Informatique Décisionnelle avec un vif intérêt pour le domaine Data. A réalisé un projet de classification supervisée avec Naive Bayes et régression logistique durant son cursus universitaire. Souhaite évoluer vers un poste d'ingénieur MLOps après l'obtention de son diplôme.,5,peu importe
ETU-050,Wafa Boukadida,3ème année,Informatique & Web,JavaScript Flutter Docker Symfony SQL Spring-Boot,Étudiant(e) en 3ème année spécialité Informatique Appliquée avec un vif intérêt pour le domaine Informatique. A réalisé un projet académique de développement d'API REST avec Spring Boot durant son cursus universitaire. Souhaite évoluer vers un poste d'ingénieur DevOps après l'obtention de son diplôme.,2,Sfax
ETU-051,Yassine Nasri,Master 2,Logistique & Supply Chain,Supply-Chain Import-Export Gestion-de-Stocks Approvisionnement Planification Entrepôt,Étudiant(e) en Master 2 spécialité Supply Chain Management avec un vif intérêt pour le domaine Logistique. A réalisé une étude d'optimisation des flux d'un entrepôt durant son cursus universitaire. Souhaite devenir responsable logistique dans une entreprise industrielle après l'obtention de son diplôme.,6,Tunis
ETU-052,Selim Nasri,Master 1,Ressources Humaines,Entretiens Droit-du-Travail Onboarding SIRH Paie,Étudiant(e) en Master 1 spécialité Droit Social et RH avec un vif intérêt pour le domaine Ressources Humaines. A réalisé une étude sur l'optimisation du processus de recrutement durant son cursus universitaire. Souhaite devenir chargé de recrutement dans un grand groupe après l'obtention de son diplôme.,6,peu importe
ETU-053,Fedi Guesmi,2ème année,Logistique & Supply Chain,Transport Supply-Chain Planification Approvisionnement SAP,Étudiant(e) en 2ème année spécialité Supply Chain Management avec un vif intérêt pour le domaine Logistique. A réalisé une étude d'optimisation des flux d'un entrepôt durant son cursus universitaire. Souhaite devenir responsable logistique dans une entreprise industrielle après l'obtention de son diplôme.,3,Sousse
ETU-054,Sarra Sassi,2ème année,Finance & Comptabilité,SAP Ratios-Financiers Excel Trésorerie,Étudiant(e) en 2ème année spécialité Finance d'Entreprise avec un vif intérêt pour le domaine Finance. A réalisé un mémoire sur l'audit des comptes et le contrôle interne durant son cursus universitaire. Souhaite se spécialiser en audit et contrôle de gestion après l'obtention de son diplôme.,6,Sousse
ETU-055,Walid Riahi,2ème année,Santé & Biologie,Santé Essais-Cliniques Pharmacovigilance Microbiologie Diagnostics,Étudiant(e) en 2ème année spécialité Sciences Biologiques avec un vif intérêt pour le domaine Santé. A réalisé un mémoire sur le suivi d'essais cliniques durant son cursus universitaire. Souhaite évoluer vers un poste en pharmacovigilance après l'obtention de son diplôme.,6,Sousse
ETU-056,Dorra Bouzid,3ème année,Data & IA,Pandas TF-IDF TensorFlow Machine-Learning,Étudiant(e) en 3ème année spécialité Data Science avec un vif intérêt pour le domaine Data. A réalisé une analyse TF-IDF de textes pour un moteur de recherche durant son cursus universitaire. Souhaite travailler sur des projets de deep learning et de NLP après l'obtention de son diplôme.,2,Tunis
ETU-057,FEDI TLILI,Master 2,Santé & Biologie,Contrôle-Qualité Protocoles Biologie-Moléculaire Microbiologie,Étudiant(e) en Master 2 spécialité Sciences Biologiques avec un vif intérêt pour le domaine Santé. A réalisé un projet de recherche en biologie moléculaire au sein d'un laboratoire universitaire durant son cursus universitaire. Souhaite évoluer vers un poste en pharmacovigilance après l'obtention de son diplôme.,4,Monastir
ETU-058,Selim Karray,Master 2,Marketing & Digital,SEO Canva Community-Management SEA,Étudiant(e) en Master 2 spécialité Marketing et Stratégie Commerciale avec un vif intérêt pour le domaine Marketing. A réalisé une étude de marché sur le comportement des consommateurs en ligne durant son cursus universitaire. Souhaite évoluer vers un poste de brand manager après l'obtention de son diplôme.,4,Nabeul
ETU-059,Salma Amdouni,Master 1,Ressources Humaines,Fiches-de-Poste SIRH Onboarding Entretiens,Étudiant(e) en Master 1 spécialité Droit Social et RH avec un vif intérêt pour le domaine Ressources Humaines. A réalisé une analyse des pratiques d'onboarding en entreprise durant son cursus universitaire. Souhaite évoluer vers un poste de responsable RH après l'obtention de son diplôme.,4,Ariana
ETU-060,NOUR MABROUK,Master 1,Santé & Biologie,Contrôle-Qualité Santé Microbiologie Essais-Cliniques,Étudiant(e) en Master 1 spécialité Biologie Médicale avec un vif intérêt pour le domaine Santé. A réalisé un mémoire sur le suivi d'essais cliniques durant son cursus universitaire. Souhaite se spécialiser en recherche clinique après l'obtention de son diplôme.,3,peu importe
ETU-061,Aymen Boukadida,3ème année,Marketing & Digital,Marketing-Automation Emailing Branding Google-Ads Community-Management,Étudiant(e) en 3ème année spécialité Marketing et Stratégie Commerciale avec un vif intérêt pour le domaine Marketing. A réalisé une étude de marché sur le comportement des consommateurs en ligne durant son cursus universitaire. Souhaite se spécialiser en growth marketing et analytics après l'obtention de son diplôme.,4,Monastir
ETU-062,Mohamed Riahi,2ème année,Data & IA,Régression-Logistique NLP Python TF-IDF PyTorch,Étudiant(e) en 2ème année spécialité Statistique et Informatique Décisionnelle avec un vif intérêt pour le domaine Data. A réalisé une analyse TF-IDF de textes pour un moteur de recherche durant son cursus universitaire. Souhaite devenir data scientist spécialisé en machine learning après l'obtention de son diplôme.,6,Ariana
ETU-063,Fedi Fitouri,Master 1,Ressources Humaines,Formation Entretiens Droit-du-Travail Onboarding Fiches-de-Poste SIRH,Étudiant(e) en Master 1 spécialité Droit Social et RH avec un vif intérêt pour le domaine Ressources Humaines. A réalisé une analyse des pratiques d'onboarding en entreprise durant son cursus universitaire. Souhaite évoluer vers un poste de responsable RH après l'obtention de son diplôme.,6,Nabeul
ETU-064,Karim Guesmi,2ème année,Finance & Comptabilité,IFRS Bilan Contrôle-de-Gestion Excel Reporting,Étudiant(e) en 2ème année spécialité Comptabilité et Audit avec un vif intérêt pour le domaine Finance. A réalisé un mémoire sur l'audit des comptes et le contrôle interne durant son cursus universitaire. Souhaite se spécialiser en audit et contrôle de gestion après l'obtention de son diplôme.,2,Sfax
ETU-065,Rania Gharbi,Master 2,Génie Civil & BTP,Chantier Ouvrages Sécurité Structures AutoCAD,Étudiant(e) en Master 2 spécialité Génie Civil et Structures avec un vif intérêt pour le domaine Génie Civil. A réalisé un suivi de chantier réel dans le cadre d'un stage précédent durant son cursus universitaire. Souhaite se spécialiser en bureau d'études structures après l'obtention de son diplôme.,3,Monastir
ETU-066,Rania Ayari,Master 2,Data & IA,Pandas Naive-Bayes Machine-Learning SQL,Étudiant(e) en Master 2 spécialité Data Science avec un vif intérêt pour le domaine Data. A réalisé un système de recommandation basé sur le machine learning durant son cursus universitaire. Souhaite travailler sur des projets de deep learning et de NLP après l'obtention de son diplôme.,2,à distance
ETU-067,Ghofrane Trabelsi,Master 2,Informatique & Web,API-REST Kubernetes Flutter SQL,Étudiant(e) en Master 2 spécialité Informatique Appliquée avec un vif intérêt pour le domaine Informatique. A réalisé un projet de fin d'études sur une application web en React et Node.js durant son cursus universitaire. Souhaite se spécialiser en architecture logicielle et cloud après l'obtention de son diplôme.,4,Tunis
ETU-068,Emna Tlili,3ème année,Data & IA,TF-IDF NLP Power-BI Régression-Logistique,Étudiant(e) en 3ème année spécialité Intelligence Artificielle avec un vif intérêt pour le domaine Data. A réalisé une analyse TF-IDF de textes pour un moteur de recherche durant son cursus universitaire. Souhaite travailler sur des projets de deep learning et de NLP après l'obtention de son diplôme.,5,Sfax
ETU-069,Emna Boukadida,2ème année,Informatique & Web,Java PHP SQL Symfony,Étudiant(e) en 2ème année spécialité Informatique Appliquée avec un vif intérêt pour le domaine Informatique. A réalisé un projet académique de développement d'API REST avec Spring Boot durant son cursus universitaire. Souhaite se spécialiser en architecture logicielle et cloud après l'obtention de son diplôme.,4,peu importe
ETU-070,Sami Bel Hadj,3ème année,Logistique & Supply Chain,SAP Optimisation-des-Flux Logistique Supply-Chain Entrepôt Transport,Étudiant(e) en 3ème année spécialité Logistique et Transport avec un vif intérêt pour le domaine Logistique. A réalisé une analyse de la chaîne d'approvisionnement d'une entreprise industrielle durant son cursus universitaire. Souhaite évoluer vers un poste de coordinateur import export après l'obtention de son diplôme.,5,Sousse
ETU-071,Sarra Gharbi,2ème année,Santé & Biologie,Microbiologie Diagnostics Protocoles Santé Contrôle-Qualité,Étudiant(e) en 2ème année spécialité Biotechnologie et Santé avec un vif intérêt pour le domaine Santé. A réalisé un mémoire sur le suivi d'essais cliniques durant son cursus universitaire. Souhaite se spécialiser en recherche clinique après l'obtention de son diplôme.,4,Ariana
ETU-072,Wafa Cherni,2ème année,Informatique & Web,PHP CI/CD Kubernetes JavaScript,Étudiant(e) en 2ème année spécialité Génie Logiciel avec un vif intérêt pour le domaine Informatique. A réalisé un projet de fin d'études sur une application web en React et Node.js durant son cursus universitaire. Souhaite se spécialiser en architecture logicielle et cloud après l'obtention de son diplôme.,2,Sfax
ETU-073,Wafa Selmi,2ème année,Marketing & Digital,Réseaux-Sociaux Branding Google-Ads SEA Emailing Content-Marketing,Étudiant(e) en 2ème année spécialité Communication et Marketing avec un vif intérêt pour le domaine Marketing. A réalisé un plan de communication digitale sur les réseaux sociaux durant son cursus universitaire. Souhaite évoluer vers un poste de brand manager après l'obtention de son diplôme.,6,Tunis
ETU-074,Sami Bouzid,2ème année,Finance & Comptabilité,Excel Analyse-Financière IFRS Trésorerie Reporting Fiscalité,Étudiant(e) en 2ème année spécialité Finance et Contrôle de Gestion avec un vif intérêt pour le domaine Finance. A réalisé une analyse de portefeuille d'investissement durant son cursus universitaire. Souhaite évoluer vers un poste de trésorier d'entreprise après l'obtention de son diplôme.,5,Ariana
ETU-075,Salma Trabelsi,Master 1,Logistique & Supply Chain,Transport Optimisation-des-Flux Logistique SAP Supply-Chain Gestion-de-Stocks,Étudiant(e) en Master 1 spécialité Supply Chain Management avec un vif intérêt pour le domaine Logistique. A réalisé un projet de planification de transport et de réduction des coûts logistiques durant son cursus universitaire. Souhaite se spécialiser en supply chain management après l'obtention de son diplôme.,5,Sousse
ETU-076,Rania Ouertani,2ème année,Génie Civil & BTP,Structures Génie-Civil Chantier Métré Sécurité,Étudiant(e) en 2ème année spécialité Génie Civil avec un vif intérêt pour le domaine Génie Civil. A réalisé un suivi de chantier réel dans le cadre d'un stage précédent durant son cursus universitaire. Souhaite devenir ingénieur chantier dans une entreprise de construction après l'obtention de son diplôme.,2,à distance
ETU-077,Ahmed Nasri,2ème année,Santé & Biologie,Microbiologie Biologie-Moléculaire Santé Diagnostics,Étudiant(e) en 2ème année spécialité Biologie Médicale avec un vif intérêt pour le domaine Santé. A réalisé un mémoire sur le suivi d'essais cliniques durant son cursus universitaire. Souhaite se spécialiser en recherche clinique après l'obtention de son diplôme.,6,Ariana
ETU-078,Wafa Dridi,Master 1,Finance & Comptabilité,SAP Bilan Audit Comptabilité Reporting Ratios-Financiers,Étudiant(e) en Master 1 spécialité Finance d'Entreprise avec un vif intérêt pour le domaine Finance. A réalisé une étude sur l'analyse financière et les ratios de rentabilité d'une PME durant son cursus universitaire. Souhaite évoluer vers un poste de trésorier d'entreprise après l'obtention de son diplôme.,6,Ariana
ETU-079,Sarra Ayari,Master 2,Marketing & Digital,Copywriting SEA Google-Ads Branding,Étudiant(e) en Master 2 spécialité Marketing et Stratégie Commerciale avec un vif intérêt pour le domaine Marketing. A réalisé une étude de marché sur le comportement des consommateurs en ligne durant son cursus universitaire. Souhaite devenir chargé de marketing digital dans une agence après l'obtention de son diplôme.,6,Ariana
ETU-080,Meriem Tlili,Master 1,Génie Civil & BTP,Béton-Armé AutoCAD Chantier Plans,Étudiant(e) en Master 1 spécialité Génie Civil avec un vif intérêt pour le domaine Génie Civil. A réalisé un suivi de chantier réel dans le cadre d'un stage précédent durant son cursus universitaire. Souhaite se spécialiser en bureau d'études structures après l'obtention de son diplôme.,3,Nabeul
ETU-081,Karim Gharbi,Master 2,Informatique & Web,Java CI/CD Symfony Git Docker JavaScript,Étudiant(e) en Master 2 spécialité Ingénierie Informatique avec un vif intérêt pour le domaine Informatique. A réalisé une application mobile Flutter connectée à une base de données SQL durant son cursus universitaire. Souhaite évoluer vers un poste d'ingénieur DevOps après l'obtention de son diplôme.,6,Ariana
ETU-082,Bilel Guesmi,Master 2,Génie Civil & BTP,AutoCAD Suivi-de-Travaux Chantier Génie-Civil Béton-Armé,Étudiant(e) en Master 2 spécialité Bâtiment et Travaux Publics avec un vif intérêt pour le domaine Génie Civil. A réalisé un projet de conception de structures en béton armé sous AutoCAD durant son cursus universitaire. Souhaite se spécialiser en bureau d'études structures après l'obtention de son diplôme.,3,
ETU-083,Ines Ferjani,3ème année,Logistique & Supply Chain,Gestion-de-Stocks Import-Export Planification Logistique,Étudiant(e) en 3ème année spécialité Gestion Industrielle et Logistique avec un vif intérêt pour le domaine Logistique. A réalisé une analyse de la chaîne d'approvisionnement d'une entreprise industrielle durant son cursus universitaire. Souhaite évoluer vers un poste de coordinateur import export après l'obtention de son diplôme.,2,Nabeul
ETU-084,DORRA MSOLLI,Master 1,Santé & Biologie,Protocoles Analyses Santé Biologie-Moléculaire Diagnostics Pharmacovigilance,Étudiant(e) en Master 1 spécialité Biologie Médicale avec un vif intérêt pour le domaine Santé. A réalisé une étude sur le contrôle qualité de produits pharmaceutiques durant son cursus universitaire. Souhaite se spécialiser en recherche clinique après l'obtention de son diplôme.,6,Tunis
ETU-085,Selim Cherni,Master 1,Finance & Comptabilité,Fiscalité Reporting Audit Bilan IFRS,Étudiant(e) en Master 1 spécialité Finance et Contrôle de Gestion avec un vif intérêt pour le domaine Finance. A réalisé une étude sur l'analyse financière et les ratios de rentabilité d'une PME durant son cursus universitaire. Souhaite devenir analyste financier dans une institution bancaire après l'obtention de son diplôme.,6,Nabeul
ETU-086,Bilel Nasri,Master 2,Ressources Humaines,SIRH Évaluation-des-Compétences Onboarding Droit-du-Travail Gestion-des-Talents,Étudiant(e) en Master 2 spécialité Gestion des Ressources Humaines avec un vif intérêt pour le domaine Ressources Humaines. A réalisé une étude sur l'optimisation du processus de recrutement durant son cursus universitaire. Souhaite évoluer vers un poste de responsable RH après l'obtention de son diplôme.,,Monastir
ETU-087,Rania Ferjani,Master 1,Ressources Humaines,Onboarding Évaluation-des-Compétences Fiches-de-Poste Entretiens SIRH Formation,Étudiant(e) en Master 1 spécialité Droit Social et RH avec un vif intérêt pour le domaine Ressources Humaines. A réalisé une analyse des pratiques d'onboarding en entreprise durant son cursus universitaire. Souhaite évoluer vers un poste de responsable RH après l'obtention de son diplôme.,5,Sousse
ETU-088,Wafa Nasri,Master 1,Marketing & Digital,Copywriting SEO Google-Ads Branding Marketing-Automation Canva,Étudiant(e) en Master 1 spécialité Marketing Digital avec un vif intérêt pour le domaine Marketing. A réalisé une étude de marché sur le comportement des consommateurs en ligne durant son cursus universitaire. Souhaite évoluer vers un poste de brand manager après l'obtention de son diplôme.,4,Sfax
ETU-089,Skander Boukadida,3ème année,Finance & Comptabilité,IFRS SAP Ratios-Financiers Contrôle-de-Gestion Audit Fiscalité,Étudiant(e) en 3ème année spécialité Finance d'Entreprise avec un vif intérêt pour le domaine Finance. A réalisé un mémoire sur l'audit des comptes et le contrôle interne durant son cursus universitaire. Souhaite évoluer vers un poste de trésorier d'entreprise après l'obtention de son diplôme.,5,à distance
ETU-090,Yasmine Cherni,Master 1,Santé & Biologie,Pharmacovigilance Diagnostics Biologie-Moléculaire Santé Microbiologie,Étudiant(e) en Master 1 spécialité Sciences Biologiques avec un vif intérêt pour le domaine Santé. A réalisé une étude sur le contrôle qualité de produits pharmaceutiques durant son cursus universitaire. Souhaite devenir technicien de laboratoire spécialisé en analyses biomédicales après l'obtention de son diplôme.,2,Monastir
ETU-091,Hamza Ferjani,2ème année,Santé & Biologie,Santé Diagnostics Laboratoire Pharmacovigilance Biologie-Moléculaire,Étudiant(e) en 2ème année spécialité Sciences Biologiques avec un vif intérêt pour le domaine Santé. A réalisé un projet de recherche en biologie moléculaire au sein d'un laboratoire universitaire durant son cursus universitaire. Souhaite se spécialiser en recherche clinique après l'obtention de son diplôme.,4,peu importe
ETU-092,aymen selmi,Master 1,Data & IA,Pandas TF-IDF Naive-Bayes Machine-Learning,Étudiant(e) en Master 1 spécialité Intelligence Artificielle avec un vif intérêt pour le domaine Data. A réalisé un système de recommandation basé sur le machine learning durant son cursus universitaire. Souhaite évoluer vers un poste d'ingénieur MLOps après l'obtention de son diplôme.,5,Sousse
ETU-093,Skander Guesmi,Master 1,Data & IA,Régression-Logistique Pandas Naive-Bayes Python NLP,Étudiant(e) en Master 1 spécialité Data Science avec un vif intérêt pour le domaine Data. A réalisé une analyse TF-IDF de textes pour un moteur de recherche durant son cursus universitaire. Souhaite évoluer vers un poste d'ingénieur MLOps après l'obtention de son diplôme.,3,peu importe
ETU-094,Amine Trabelsi,3ème année,Génie Civil & BTP,Ouvrages Revit Béton-Armé Structures Métré Topographie,Étudiant(e) en 3ème année spécialité Génie Civil et Structures avec un vif intérêt pour le domaine Génie Civil. A réalisé un suivi de chantier réel dans le cadre d'un stage précédent durant son cursus universitaire. Souhaite se spécialiser en bureau d'études structures après l'obtention de son diplôme.,5,Tunis
ETU-095,Yassine Guesmi,2ème année,Marketing & Digital,SEA Content-Marketing Analytics Community-Management,Étudiant(e) en 2ème année spécialité Marketing et Stratégie Commerciale avec un vif intérêt pour le domaine Marketing. A réalisé un plan de communication digitale sur les réseaux sociaux durant son cursus universitaire. Souhaite se spécialiser en growth marketing et analytics après l'obtention de son diplôme.,6,Tunis
ETU-096,Asma Gharbi,2ème année,Logistique & Supply Chain,Optimisation-des-Flux Logistique Transport Entrepôt,Étudiant(e) en 2ème année spécialité Supply Chain Management avec un vif intérêt pour le domaine Logistique. A réalisé un projet de planification de transport et de réduction des coûts logistiques durant son cursus universitaire. Souhaite se spécialiser en supply chain management après l'obtention de son diplôme.,2,Sfax
ETU-097,Asma Ouertani,Master 1,Finance & Comptabilité,Trésorerie IFRS Excel Ratios-Financiers,Étudiant(e) en Master 1 spécialité Finance d'Entreprise avec un vif intérêt pour le domaine Finance. A réalisé une analyse de portefeuille d'investissement durant son cursus universitaire. Souhaite évoluer vers un poste de trésorier d'entreprise après l'obtention de son diplôme.,,Tunis
ETU-098,Oussama Sassi,3ème année,Finance & Comptabilité,Trésorerie Contrôle-de-Gestion Ratios-Financiers Bilan,Étudiant(e) en 3ème année spécialité Finance et Contrôle de Gestion avec un vif intérêt pour le domaine Finance. A réalisé une analyse de portefeuille d'investissement durant son cursus universitaire. Souhaite se spécialiser en audit et contrôle de gestion après l'obtention de son diplôme.,6,Sfax
ETU-099,Ahmed Riahi,2ème année,Marketing & Digital,Canva Réseaux-Sociaux Community-Management Analytics Copywriting,Étudiant(e) en 2ème année spécialité Marketing Digital avec un vif intérêt pour le domaine Marketing. A réalisé une campagne SEO SEA pour une marque locale durant son cursus universitaire. Souhaite se spécialiser en growth marketing et analytics après l'obtention de son diplôme.,6,à distance
ETU-100,Ines Guesmi,Master 1,Marketing & Digital,Branding Marketing-Automation Canva SEA,Étudiant(e) en Master 1 spécialité Communication et Marketing avec un vif intérêt pour le domaine Marketing. A réalisé un plan de communication digitale sur les réseaux sociaux durant son cursus universitaire. Souhaite évoluer vers un poste de brand manager après l'obtention de son diplôme.,2,Sousse
ETU-101,Syrine Ayari,Master 2,Santé & Biologie,Diagnostics Protocoles Essais-Cliniques Laboratoire Analyses,Étudiant(e) en Master 2 spécialité Biologie Médicale avec un vif intérêt pour le domaine Santé. A réalisé un projet de recherche en biologie moléculaire au sein d'un laboratoire universitaire durant son cursus universitaire. Souhaite se spécialiser en recherche clinique après l'obtention de son diplôme.,2,Sfax
ETU-102,Syrine Karray,3ème année,Logistique & Supply Chain,Optimisation-des-Flux Logistique Entrepôt SAP Gestion-de-Stocks Transport,Étudiant(e) en 3ème année spécialité Supply Chain Management avec un vif intérêt pour le domaine Logistique. A réalisé un projet de planification de transport et de réduction des coûts logistiques durant son cursus universitaire. Souhaite évoluer vers un poste de coordinateur import export après l'obtention de son diplôme.,6,à distance
ETU-103,Sarra Ben Salah,3ème année,Informatique & Web,SQL Java Symfony Node.js,Étudiant(e) en 3ème année spécialité Génie Logiciel avec un vif intérêt pour le domaine Informatique. A réalisé un projet académique de développement d'API REST avec Spring Boot durant son cursus universitaire. Souhaite évoluer vers un poste d'ingénieur DevOps après l'obtention de son diplôme.,6,Ariana
ETU-104,Rania Chaabane,Master 2,Génie Civil & BTP,Sécurité Ouvrages Suivi-de-Travaux Topographie Plans,Étudiant(e) en Master 2 spécialité Génie Civil et Structures avec un vif intérêt pour le domaine Génie Civil. A réalisé une étude de faisabilité pour un ouvrage de génie civil durant son cursus universitaire. Souhaite évoluer vers un poste de conducteur de travaux après l'obtention de son diplôme.,4,Sfax
ETU-105,Emna Jlassi,3ème année,Informatique & Web,JavaScript Spring-Boot React Flutter,Étudiant(e) en 3ème année spécialité Informatique Appliquée avec un vif intérêt pour le domaine Informatique. A réalisé un projet de fin d'études sur une application web en React et Node.js durant son cursus universitaire. Souhaite évoluer vers un poste d'ingénieur DevOps après l'obtention de son diplôme.,3,Nabeul
ETU-106,Amine Mabrouk,Master 2,Logistique & Supply Chain,Approvisionnement Planification Transport Entrepôt Logistique,Étudiant(e) en Master 2 spécialité Gestion Industrielle et Logistique avec un vif intérêt pour le domaine Logistique. A réalisé une étude d'optimisation des flux d'un entrepôt durant son cursus universitaire. Souhaite évoluer vers un poste de coordinateur import export après l'obtention de son diplôme.,6,peu importe
ETU-107,Bilel Jlassi,3ème année,Ressources Humaines,Formation Gestion-des-Talents Droit-du-Travail Paie SIRH,Étudiant(e) en 3ème année spécialité Management des RH avec un vif intérêt pour le domaine Ressources Humaines. A réalisé une étude sur l'optimisation du processus de recrutement durant son cursus universitaire. Souhaite se spécialiser en gestion des talents après l'obtention de son diplôme.,4,à distance
ETU-108,Ahmed Bouzid,3ème année,Génie Civil & BTP,Structures Métré AutoCAD Génie-Civil Suivi-de-Travaux,Étudiant(e) en 3ème année spécialité Génie Civil et Structures avec un vif intérêt pour le domaine Génie Civil. A réalisé un projet de conception de structures en béton armé sous AutoCAD durant son cursus universitaire. Souhaite évoluer vers un poste de conducteur de travaux après l'obtention de son diplôme.,3,Nabeul
ETU-109,Skander Selmi,Master 1,Ressources Humaines,Onboarding SIRH Droit-du-Travail Formation Fiches-de-Poste,Étudiant(e) en Master 1 spécialité Droit Social et RH avec un vif intérêt pour le domaine Ressources Humaines. A réalisé une étude sur l'optimisation du processus de recrutement durant son cursus universitaire. Souhaite se spécialiser en gestion des talents après l'obtention de son diplôme.,3,Ariana
ETU-110,Sami Cherni,Master 2,Informatique & Web,Spring-Boot Docker Kubernetes JavaScript SQL,Étudiant(e) en Master 2 spécialité Ingénierie Informatique avec un vif intérêt pour le domaine Informatique. A réalisé un projet de fin d'études sur une application web en React et Node.js durant son cursus universitaire. Souhaite évoluer vers un poste d'ingénieur DevOps après l'obtention de son diplôme.,4,Monastir
ETU-111,Sami Jlassi,Master 2,Logistique & Supply Chain,Gestion-de-Stocks Optimisation-des-Flux Entrepôt Approvisionnement Transport Supply-Chain,Étudiant(e) en Master 2 spécialité Supply Chain Management avec un vif intérêt pour le domaine Logistique. A réalisé un projet de planification de transport et de réduction des coûts logistiques durant son cursus universitaire. Souhaite évoluer vers un poste de coordinateur import export après l'obtention de son diplôme.,,Monastir
ETU-112,Amine Fitouri,Master 2,Data & IA,Machine-Learning Naive-Bayes Power-BI NLP Spark Scikit-learn,Étudiant(e) en Master 2 spécialité Statistique et Informatique Décisionnelle avec un vif intérêt pour le domaine Data. A réalisé un système de recommandation basé sur le machine learning durant son cursus universitaire. Souhaite travailler sur des projets de deep learning et de NLP après l'obtention de son diplôme.,,Sousse
ETU-113,Skander Sassi,Master 2,Informatique & Web,Java Symfony Flutter Kubernetes,Étudiant(e) en Master 2 spécialité Informatique Appliquée avec un vif intérêt pour le domaine Informatique. A réalisé un projet académique de développement d'API REST avec Spring Boot durant son cursus universitaire. Souhaite évoluer vers un poste d'ingénieur DevOps après l'obtention de son diplôme.,4,Sfax
ETU-114,Meriem Ayari,2ème année,Informatique & Web,JavaScript PHP Java Docker API-REST SQL,Étudiant(e) en 2ème année spécialité Génie Logiciel avec un vif intérêt pour le domaine Informatique. A réalisé un projet académique de développement d'API REST avec Spring Boot durant son cursus universitaire. Souhaite évoluer vers un poste d'ingénieur DevOps après l'obtention de son diplôme.,6,Sousse
ETU-115,Oussama Bel Hadj,Master 1,Ressources Humaines,Recrutement Fiches-de-Poste Paie Entretiens Gestion-des-Talents,Étudiant(e) en Master 1 spécialité Droit Social et RH avec un vif intérêt pour le domaine Ressources Humaines. A réalisé une étude sur l'optimisation du processus de recrutement durant son cursus universitaire. Souhaite évoluer vers un poste de responsable RH après l'obtention de son diplôme.,6,Sousse
ETU-116,Emna Riahi,3ème année,Ressources Humaines,Onboarding SIRH Fiches-de-Poste Formation,Étudiant(e) en 3ème année spécialité Management des RH avec un vif intérêt pour le domaine Ressources Humaines. A réalisé une étude sur l'optimisation du processus de recrutement durant son cursus universitaire. Souhaite devenir chargé de recrutement dans un grand groupe après l'obtention de son diplôme.,3,Tunis
ETU-117,Yassine Riahi,3ème année,Marketing & Digital,Google-Ads Marketing-Automation Analytics SEO Content-Marketing,Étudiant(e) en 3ème année spécialité Marketing Digital avec un vif intérêt pour le domaine Marketing. A réalisé une campagne SEO SEA pour une marque locale durant son cursus universitaire. Souhaite se spécialiser en growth marketing et analytics après l'obtention de son diplôme.,6,peu importe
ETU-118,Amine Karray,Master 1,Finance & Comptabilité,Comptabilité Reporting Bilan Analyse-Financière Fiscalité Trésorerie,Étudiant(e) en Master 1 spécialité Finance d'Entreprise avec un vif intérêt pour le domaine Finance. A réalisé une analyse de portefeuille d'investissement durant son cursus universitaire. Souhaite évoluer vers un poste de trésorier d'entreprise après l'obtention de son diplôme.,4,Sfax
ETU-119,Ines Ben Salah,Master 1,Finance & Comptabilité,Excel Reporting Comptabilité SAP,Étudiant(e) en Master 1 spécialité Comptabilité et Audit avec un vif intérêt pour le domaine Finance. A réalisé une analyse de portefeuille d'investissement durant son cursus universitaire. Souhaite devenir analyste financier dans une institution bancaire après l'obtention de son diplôme.,6,Nabeul
ETU-120,Sarra Fitouri,3ème année,Logistique & Supply Chain,Transport Optimisation-des-Flux Supply-Chain Gestion-de-Stocks Approvisionnement,Étudiant(e) en 3ème année spécialité Gestion Industrielle et Logistique avec un vif intérêt pour le domaine Logistique. A réalisé une analyse de la chaîne d'approvisionnement d'une entreprise industrielle durant son cursus universitaire. Souhaite devenir responsable logistique dans une entreprise industrielle après l'obtention de son diplôme.,3,Sousse
ETU-121,Oussama Chaabane,3ème année,Santé & Biologie,Contrôle-Qualité Analyses Laboratoire Protocoles,Étudiant(e) en 3ème année spécialité Biologie Médicale avec un vif intérêt pour le domaine Santé. A réalisé un projet de recherche en biologie moléculaire au sein d'un laboratoire universitaire durant son cursus universitaire. Souhaite se spécialiser en recherche clinique après l'obtention de son diplôme.,5,peu importe
ETU-122,Ahmed Bel Hadj,3ème année,Logistique & Supply Chain,Entrepôt Optimisation-des-Flux SAP Planification Logistique Approvisionnement,Étudiant(e) en 3ème année spécialité Supply Chain Management avec un vif intérêt pour le domaine Logistique. A réalisé une analyse de la chaîne d'approvisionnement d'une entreprise industrielle durant son cursus universitaire. Souhaite se spécialiser en supply chain management après l'obtention de son diplôme.,5,à distance
ETU-123,Bilel Trabelsi,2ème année,Génie Civil & BTP,Métré Génie-Civil Structures Revit,Étudiant(e) en 2ème année spécialité Bâtiment et Travaux Publics avec un vif intérêt pour le domaine Génie Civil. A réalisé un suivi de chantier réel dans le cadre d'un stage précédent durant son cursus universitaire. Souhaite devenir ingénieur chantier dans une entreprise de construction après l'obtention de son diplôme.,4,à distance
ETU-124,Rania Sassi,3ème année,Santé & Biologie,Laboratoire Pharmacovigilance Santé Diagnostics Essais-Cliniques Analyses,Étudiant(e) en 3ème année spécialité Sciences Biologiques avec un vif intérêt pour le domaine Santé. A réalisé un mémoire sur le suivi d'essais cliniques durant son cursus universitaire. Souhaite se spécialiser en recherche clinique après l'obtention de son diplôme.,5,Sfax
ETU-125,Yasmine Boukadida,Master 2,Informatique & Web,Java Git Symfony Node.js Flutter CI/CD,Étudiant(e) en Master 2 spécialité Génie Logiciel avec un vif intérêt pour le domaine Informatique. A réalisé un projet académique de développement d'API REST avec Spring Boot durant son cursus universitaire. Souhaite devenir développeur full stack dans une entreprise innovante après l'obtention de son diplôme.,5,Nabeul
ETU-126,Bilel Gharbi,3ème année,Ressources Humaines,SIRH Gestion-des-Talents Fiches-de-Poste Entretiens Onboarding Droit-du-Travail,Étudiant(e) en 3ème année spécialité Gestion des Ressources Humaines avec un vif intérêt pour le domaine Ressources Humaines. A réalisé une analyse des pratiques d'onboarding en entreprise durant son cursus universitaire. Souhaite se spécialiser en gestion des talents après l'obtention de son diplôme.,3,à distance
ETU-127,Bilel Selmi,2ème année,Informatique & Web,JavaScript Spring-Boot Kubernetes Node.js API-REST,Étudiant(e) en 2ème année spécialité Génie Logiciel avec un vif intérêt pour le domaine Informatique. A réalisé un projet de fin d'études sur une application web en React et Node.js durant son cursus universitaire. Souhaite évoluer vers un poste d'ingénieur DevOps après l'obtention de son diplôme.,3,Nabeul
ETU-128,Karim Trabelsi,3ème année,Génie Civil & BTP,AutoCAD Métré Revit Structures,Étudiant(e) en 3ème année spécialité Génie Civil avec un vif intérêt pour le domaine Génie Civil. A réalisé un projet de conception de structures en béton armé sous AutoCAD durant son cursus universitaire. Souhaite devenir ingénieur chantier dans une entreprise de construction après l'obtention de son diplôme.,6,à distance
ETU-129,Mariem Fitouri,3ème année,Ressources Humaines,SIRH Gestion-des-Talents Entretiens Fiches-de-Poste,Étudiant(e) en 3ème année spécialité Gestion des Ressources Humaines avec un vif intérêt pour le domaine Ressources Humaines. A réalisé une étude sur l'optimisation du processus de recrutement durant son cursus universitaire. Souhaite devenir chargé de recrutement dans un grand groupe après l'obtention de son diplôme.,5,Tunis
ETU-130,Ghofrane Chaabane,2ème année,Finance & Comptabilité,IFRS Audit Fiscalité Analyse-Financière,Étudiant(e) en 2ème année spécialité Finance et Contrôle de Gestion avec un vif intérêt pour le domaine Finance. A réalisé une analyse de portefeuille d'investissement durant son cursus universitaire. Souhaite évoluer vers un poste de trésorier d'entreprise après l'obtention de son diplôme.,3,Monastir
ETU-131,Ines Cherni,Master 2,Logistique & Supply Chain,Gestion-de-Stocks Logistique Import-Export Transport Optimisation-des-Flux Entrepôt,Étudiant(e) en Master 2 spécialité Gestion Industrielle et Logistique avec un vif intérêt pour le domaine Logistique. A réalisé un projet de planification de transport et de réduction des coûts logistiques durant son cursus universitaire. Souhaite évoluer vers un poste de coordinateur import export après l'obtention de son diplôme.,3,peu importe
ETU-132,Syrine Cherni,2ème année,Data & IA,Régression-Logistique Pandas PyTorch NLP TensorFlow Machine-Learning,Étudiant(e) en 2ème année spécialité Intelligence Artificielle avec un vif intérêt pour le domaine Data. A réalisé un système de recommandation basé sur le machine learning durant son cursus universitaire. Souhaite travailler sur des projets de deep learning et de NLP après l'obtention de son diplôme.,2,Sousse
ETU-133,Fedi Dridi,Master 1,Ressources Humaines,Évaluation-des-Compétences Recrutement Fiches-de-Poste Droit-du-Travail Gestion-des-Talents Paie,Étudiant(e) en Master 1 spécialité Gestion des Ressources Humaines avec un vif intérêt pour le domaine Ressources Humaines. A réalisé une étude sur l'optimisation du processus de recrutement durant son cursus universitaire. Souhaite se spécialiser en gestion des talents après l'obtention de son diplôme.,5,Ariana
ETU-134,Ahmed Gharbi,Master 1,Logistique & Supply Chain,Supply-Chain SAP Gestion-de-Stocks Transport Optimisation-des-Flux Entrepôt,Étudiant(e) en Master 1 spécialité Logistique et Transport avec un vif intérêt pour le domaine Logistique. A réalisé un projet de planification de transport et de réduction des coûts logistiques durant son cursus universitaire. Souhaite évoluer vers un poste de coordinateur import export après l'obtention de son diplôme.,2,peu importe
ETU-135,Oussama Ayari,2ème année,Data & IA,NLP Régression-Logistique TensorFlow Machine-Learning SQL,Étudiant(e) en 2ème année spécialité Statistique et Informatique Décisionnelle avec un vif intérêt pour le domaine Data. A réalisé une analyse TF-IDF de textes pour un moteur de recherche durant son cursus universitaire. Souhaite évoluer vers un poste d'ingénieur MLOps après l'obtention de son diplôme.,5,
ETU-136,mohamed guesmi,Master 2,Logistique & Supply Chain,Logistique Planification Supply-Chain SAP,Étudiant(e) en Master 2 spécialité Supply Chain Management avec un vif intérêt pour le domaine Logistique. A réalisé un projet de planification de transport et de réduction des coûts logistiques durant son cursus universitaire. Souhaite se spécialiser en supply chain management après l'obtention de son diplôme.,3,
ETU-137,Hamza Sassi,Master 1,Data & IA,NLP Scikit-learn SQL Machine-Learning Régression-Logistique,Étudiant(e) en Master 1 spécialité Data Science avec un vif intérêt pour le domaine Data. A réalisé un projet de classification supervisée avec Naive Bayes et régression logistique durant son cursus universitaire. Souhaite travailler sur des projets de deep learning et de NLP après l'obtention de son diplôme.,2,Sousse
ETU-138,Fedi Ayari,3ème année,Finance & Comptabilité,Excel Ratios-Financiers SAP Trésorerie IFRS Comptabilité,Étudiant(e) en 3ème année spécialité Comptabilité et Audit avec un vif intérêt pour le domaine Finance. A réalisé une étude sur l'analyse financière et les ratios de rentabilité d'une PME durant son cursus universitaire. Souhaite devenir analyste financier dans une institution bancaire après l'obtention de son diplôme.,4,Nabeul
ETU-139,Emna Karray,Master 1,Marketing & Digital,Canva SEA Marketing-Automation Content-Marketing Analytics Emailing,Étudiant(e) en Master 1 spécialité Marketing et Stratégie Commerciale avec un vif intérêt pour le domaine Marketing. A réalisé un plan de communication digitale sur les réseaux sociaux durant son cursus universitaire. Souhaite se spécialiser en growth marketing et analytics après l'obtention de son diplôme.,4,peu importe
ETU-140,Oussama Zribi,Master 2,Santé & Biologie,Analyses Microbiologie Essais-Cliniques Contrôle-Qualité Biologie-Moléculaire Diagnostics,Étudiant(e) en Master 2 spécialité Biotechnologie et Santé avec un vif intérêt pour le domaine Santé. A réalisé un mémoire sur le suivi d'essais cliniques durant son cursus universitaire. Souhaite devenir technicien de laboratoire spécialisé en analyses biomédicales après l'obtention de son diplôme.,3,Monastir
ETU-141,Hamza Ouertani,Master 1,Santé & Biologie,Protocoles Essais-Cliniques Microbiologie Contrôle-Qualité,Étudiant(e) en Master 1 spécialité Sciences Biologiques avec un vif intérêt pour le domaine Santé. A réalisé une étude sur le contrôle qualité de produits pharmaceutiques durant son cursus universitaire. Souhaite évoluer vers un poste en pharmacovigilance après l'obtention de son diplôme.,2,Sousse
ETU-142,Salma Gharbi,Master 1,Génie Civil & BTP,Plans Suivi-de-Travaux Revit Métré AutoCAD,Étudiant(e) en Master 1 spécialité Génie Civil et Structures avec un vif intérêt pour le domaine Génie Civil. A réalisé un suivi de chantier réel dans le cadre d'un stage précédent durant son cursus universitaire. Souhaite se spécialiser en bureau d'études structures après l'obtention de son diplôme.,2,Tunis
ETU-143,Sami Riahi,3ème année,Génie Civil & BTP,Revit Sécurité Structures Béton-Armé Topographie Plans,Étudiant(e) en 3ème année spécialité Génie Civil et Structures avec un vif intérêt pour le domaine Génie Civil. A réalisé un suivi de chantier réel dans le cadre d'un stage précédent durant son cursus universitaire. Souhaite évoluer vers un poste de conducteur de travaux après l'obtention de son diplôme.,2,
ETU-144,Karim Sassi,Master 1,Finance & Comptabilité,Analyse-Financière Contrôle-de-Gestion Fiscalité Audit,Étudiant(e) en Master 1 spécialité Comptabilité et Audit avec un vif intérêt pour le domaine Finance. A réalisé une étude sur l'analyse financière et les ratios de rentabilité d'une PME durant son cursus universitaire. Souhaite évoluer vers un poste de trésorier d'entreprise après l'obtention de son diplôme.,3,Ariana
ETU-145,Nour Selmi,Master 1,Ressources Humaines,Paie SIRH Entretiens Droit-du-Travail Recrutement Gestion-des-Talents,Étudiant(e) en Master 1 spécialité Gestion des Ressources Humaines avec un vif intérêt pour le domaine Ressources Humaines. A réalisé un mémoire sur la gestion des talents et la fidélisation des employés durant son cursus universitaire. Souhaite évoluer vers un poste de responsable RH après l'obtention de son diplôme.,,à distance
ETU-146,emna rekik,Master 1,Informatique & Web,Node.js Java Flutter JavaScript SQL Docker,Étudiant(e) en Master 1 spécialité Informatique Appliquée avec un vif intérêt pour le domaine Informatique. A réalisé un projet de fin d'études sur une application web en React et Node.js durant son cursus universitaire. Souhaite devenir développeur full stack dans une entreprise innovante après l'obtention de son diplôme.,6,peu importe
ETU-147,Rania Dridi,2ème année,Génie Civil & BTP,Métré AutoCAD Génie-Civil Structures Béton-Armé,Étudiant(e) en 2ème année spécialité Bâtiment et Travaux Publics avec un vif intérêt pour le domaine Génie Civil. A réalisé un projet de conception de structures en béton armé sous AutoCAD durant son cursus universitaire. Souhaite devenir ingénieur chantier dans une entreprise de construction après l'obtention de son diplôme.,3,Monastir
ETU-148,Fedi Msolli,Master 1,Logistique & Supply Chain,Approvisionnement Transport Entrepôt Gestion-de-Stocks SAP,Étudiant(e) en Master 1 spécialité Logistique et Transport avec un vif intérêt pour le domaine Logistique. A réalisé une étude d'optimisation des flux d'un entrepôt durant son cursus universitaire. Souhaite évoluer vers un poste de coordinateur import export après l'obtention de son diplôme.,6,Sfax
ETU-149,Amine Tlili,3ème année,Finance & Comptabilité,Comptabilité Audit Fiscalité Excel Analyse-Financière IFRS,Étudiant(e) en 3ème année spécialité Finance et Contrôle de Gestion avec un vif intérêt pour le domaine Finance. A réalisé une analyse de portefeuille d'investissement durant son cursus universitaire. Souhaite se spécialiser en audit et contrôle de gestion après l'obtention de son diplôme.,3,Nabeul
ETU-150,Malek Gharbi,Master 1,Santé & Biologie,Biologie-Moléculaire Pharmacovigilance Diagnostics Essais-Cliniques,Étudiant(e) en Master 1 spécialité Biotechnologie et Santé avec un vif intérêt pour le domaine Santé. A réalisé une étude sur le contrôle qualité de produits pharmaceutiques durant son cursus universitaire. Souhaite devenir technicien de laboratoire spécialisé en analyses biomédicales après l'obtention de son diplôme.,6,Nabeul
