id_offre,titre,entreprise,ville,domaine,description,competences,duree_mois,remunere
OFF-001,Stagiaire Paie,Emploi Direct Tunisie,Ariana,Ressources Humaines,Il contribue à l'organisation de sessions de formation interne et au suivi des indicateurs RH. L'étudiant assiste aux entretiens de recrutement et rédige des comptes rendus d'évaluation des compétences.,Gestion-des-Talents SIRH Entretiens Droit-du-Travail Onboarding Fiches-de-Poste,5,
OFF-002,Ingénieur Structures Junior,Bâtir Plus Tunisie,Monastir,Génie Civil & BTP,Le stage porte sur le suivi budgétaire des travaux et la gestion des approvisionnements en matériaux. L'étudiant assiste le conducteur de travaux dans la coordination des équipes sur le chantier. Il utilise AutoCAD et Revit pour la conception des plans techniques et des structures du bâtiment. Le stagiaire assure le suivi de chantier et vérifie la conformité des plans de structures en béton armé.,Génie-Civil Suivi-de-Travaux Plans Ouvrages Sécurité,5,Oui
OFF-003,Stage Vision par Ordinateur,Carthage Analytics,Tunis,Data & IA,Il développe des modèles de deep learning avec TensorFlow et PyTorch pour des tâches de vision par ordinateur. Le stagiaire nettoie et prépare des jeux de données avec Pandas puis entraîne des modèles de classification supervisée. Il travaille sur des techniques de TF-IDF et de traitement du langage naturel pour l'analyse de textes. La mission consiste à construire des pipelines de features et à évaluer les modèles via precision recall et F1-score.,Power-BI Naive-Bayes Pandas Spark Python SQL,6,
OFF-004,Stage Essais Cliniques,BioSanté Tunis,Sousse,Santé & Biologie,Le stage porte sur le suivi des patients dans le cadre d'essais cliniques encadrés par un médecin référent. Il contribue au contrôle qualité des échantillons et à la validation des méthodes d'analyse. Il participe au suivi des essais cliniques et à la collecte des données de pharmacovigilance. Le stagiaire réalise des analyses en laboratoire et applique les protocoles de contrôle qualité pharmaceutique.,Laboratoire Pharmacovigilance Santé Protocoles,6,Oui
OFF-005,Stagiaire MLOps,NeuralTech Sfax,Sfax,Data & IA,L'étudiant conçoit des tableaux de bord Power BI à partir de données extraites en SQL. La mission consiste à construire des pipelines de features et à évaluer les modèles via precision recall et F1-score. Il implémente des algorithmes de Naive Bayes et de régression logistique pour prédire des variables métier. Le stagiaire nettoie et prépare des jeux de données avec Pandas puis entraîne des modèles de classification supervisée.,Machine-Learning TensorFlow Spark Power-BI NLP,5,Non
OFF-006,Stagiaire Ingénieur Machine Learning,DataVision Tunisie,Ariana,Data & IA,L'étudiant conçoit des tableaux de bord Power BI à partir de données extraites en SQL. Le stagiaire nettoie et prépare des jeux de données avec Pandas puis entraîne des modèles de classification supervisée.,Pandas Deep-Learning TF-IDF Power-BI,6,Oui
OFF-007,Stage Coordinateur Entrepôt,TransMed Sfax,Sousse,Logistique & Supply Chain,Il contribue à l'organisation de l'entrepôt et à l'optimisation des flux de marchandises. Il participe au suivi des délais de livraison et à la résolution des incidents de transport. La mission inclut le suivi des opérations d'import export et la gestion des documents douaniers.,Import-Export Supply-Chain Approvisionnement Logistique,5,Oui
OFF-008,Développeur Java Junior,Carthage Software,Sfax,Informatique & Web,L'étudiant participe à la maintenance des serveurs Linux et à l'administration réseau de l'infrastructure. La mission inclut la mise en place de pipelines CI/CD et la conteneurisation des services avec Docker et Kubernetes.,Symfony Spring-Boot SQL Linux Git,5,Oui
OFF-009,Stagiaire Reporting Financier,Carthage Finance,Ariana,Finance & Comptabilité,Il contribue à l'analyse de portefeuille d'investissement et à l'évaluation des risques financiers. L'étudiant participe au calcul de la fiscalité et à la déclaration des impôts de la société. Il prépare des rapports de reporting financier mensuel destinés à la direction générale. Il utilise Excel avancé pour construire des modèles financiers et des tableaux de bord de trésorerie.,Analyse-Financière Bilan Ratios-Financiers SAP,4,Non
OFF-010,Assistant Gestion de Portefeuille,Portefeuille Plus,Sousse,Finance & Comptabilité,Il utilise Excel avancé pour construire des modèles financiers et des tableaux de bord de trésorerie. Il prépare des rapports de reporting financier mensuel destinés à la direction générale. Le stagiaire participe à l'établissement du bilan et à l'analyse des ratios financiers de l'entreprise. L'étudiant participe au calcul de la fiscalité et à la déclaration des impôts de la société.,Trésorerie Audit Contrôle-de-Gestion Bilan,2,Oui
OFF-011,ASSISTANT ARCHITECTE TECHNIQUE,BTP Confort,Monastir,Génie Civil & BTP,Il participe à l'élaboration des métrés et à l'estimation des quantités de matériaux nécessaires aux ouvrages. Il utilise AutoCAD et Revit pour la conception des plans techniques et des structures du bâtiment.,Génie-Civil Sécurité Topographie Revit AutoCAD,3,Non
OFF-012,Stage Coordinateur Entrepôt,LogiTrans Sousse,Monastir,Logistique & Supply Chain,Il participe à la planification des transports et à la coordination des livraisons entre entrepôts. Le stagiaire optimise la gestion des stocks et suit les niveaux d'approvisionnement sur SAP. Il participe au suivi des délais de livraison et à la résolution des incidents de transport. La mission inclut le suivi des opérations d'import export et la gestion des documents douaniers.,Optimisation-des-Flux Gestion-de-Stocks Import-Export Planification,4,Non
OFF-013,Responsable Flux Junior,Achats Express Tunisie,Sfax,Logistique & Supply Chain,Il participe à la planification des transports et à la coordination des livraisons entre entrepôts. Il assiste le service achats dans la négociation avec les fournisseurs et le suivi des commandes. Le stagiaire optimise la gestion des stocks et suit les niveaux d'approvisionnement sur SAP.,Logistique Approvisionnement Supply-Chain Entrepôt Import-Export,4,Oui
OFF-014,Stagiaire Brand Manager,Visibility Plus,Tunis,Marketing & Digital,Il assiste le chef de produit dans le lancement de nouvelles offres et l'étude de la concurrence. La mission inclut la création de contenus visuels sur Canva et la rédaction de textes publicitaires percutants.,Analytics SEO Emailing Marketing-Automation,4,Oui
OFF-015,Stagiaire Relations Sociales,HR Partners Tunis,Sousse,Ressources Humaines,L'étudiant assiste aux entretiens de recrutement et rédige des comptes rendus d'évaluation des compétences. Il participe à la gestion des talents et au suivi des plans de formation des collaborateurs.,Onboarding Droit-du-Travail Paie Évaluation-des-Compétences Gestion-des-Talents Formation,6,Oui
OFF-016,Data Scientist Junior,InsightCube,Tunis,Data & IA,Il réalise des analyses statistiques exploratoires et documente les résultats dans des rapports techniques. Il travaille sur des techniques de TF-IDF et de traitement du langage naturel pour l'analyse de textes. L'étudiant conçoit des tableaux de bord Power BI à partir de données extraites en SQL.,PyTorch Python TensorFlow Spark NLP,,Oui
OFF-017,Stage Audit Financier,Trésor Conseil Tunisie,Tunis,Finance & Comptabilité,Il prépare des rapports de reporting financier mensuel destinés à la direction générale. L'étudiant participe au calcul de la fiscalité et à la déclaration des impôts de la société. Il assiste l'équipe d'audit dans la vérification des comptes et le contrôle des procédures internes. Il contribue à l'analyse de portefeuille d'investissement et à l'évaluation des risques financiers.,SAP Contrôle-de-Gestion Comptabilité Bilan Reporting,3,Oui
OFF-018,Assistant SIRH,GRH Solutions,Sfax,Ressources Humaines,La mission inclut le traitement de la paie mensuelle et la mise à jour du logiciel SIRH. L'étudiant assiste aux entretiens de recrutement et rédige des comptes rendus d'évaluation des compétences.,Fiches-de-Poste Gestion-des-Talents Onboarding Paie Recrutement,2,Non
OFF-019,Assistant Conducteur de Travaux,Bâtir Plus Tunisie,Tunis,Génie Civil & BTP,Il contribue à la rédaction des rapports de chantier et au suivi de l'avancement des ouvrages. Il participe à l'élaboration des métrés et à l'estimation des quantités de matériaux nécessaires aux ouvrages. Il participe aux relevés topographiques et à la vérification des fondations avant coulage du béton.,AutoCAD Suivi-de-Travaux Chantier Revit Sécurité,4,Non
OFF-020,STAGE FORMATION ET DÉVELOPPEMENT,HR Partners Tunis,Ariana,Ressources Humaines,Il participe à la gestion des relations sociales et au suivi des dossiers du personnel. La mission inclut le traitement de la paie mensuelle et la mise à jour du logiciel SIRH.,Entretiens Fiches-de-Poste SIRH Formation Onboarding,6,Oui
OFF-021,assistant recherche clinique,Clinilab Sfax,Monastir,Santé & Biologie,La mission inclut des manipulations de biologie moléculaire et l'interprétation de diagnostics médicaux. Il assiste l'équipe de recherche clinique dans la rédaction des protocoles expérimentaux.,Microbiologie Santé Essais-Cliniques Laboratoire Diagnostics,3,Oui
OFF-022,Stagiaire Supply Chain,Entrepôt Central Tunis,Sfax,Logistique & Supply Chain,Le stage porte sur la coordination de la chaîne d'approvisionnement de bout en bout. Il contribue à l'organisation de l'entrepôt et à l'optimisation des flux de marchandises. Il assiste le service achats dans la négociation avec les fournisseurs et le suivi des commandes.,Logistique Transport Supply-Chain Gestion-de-Stocks Entrepôt Import-Export,4,Oui
OFF-023,Stage Technicien de Laboratoire,BioTech Nabeul,Ariana,Santé & Biologie,Le stage porte sur le suivi des patients dans le cadre d'essais cliniques encadrés par un médecin référent. La mission inclut des manipulations de biologie moléculaire et l'interprétation de diagnostics médicaux. L'étudiant effectue des tests de microbiologie et consigne les résultats dans les registres du laboratoire.,Diagnostics Contrôle-Qualité Laboratoire Analyses Essais-Cliniques Pharmacovigilance,2,Oui
OFF-024,Stagiaire Achats,Cargo Plus Nabeul,Tunis,Logistique & Supply Chain,Il assiste le service achats dans la négociation avec les fournisseurs et le suivi des commandes. La mission inclut le suivi des opérations d'import export et la gestion des documents douaniers. Le stagiaire optimise la gestion des stocks et suit les niveaux d'approvisionnement sur SAP. Le stage porte sur la coordination de la chaîne d'approvisionnement de bout en bout.,Transport Gestion-de-Stocks Import-Export Supply-Chain Optimisation-des-Flux SAP,5,
OFF-025,Stagiaire Ingénieur Génie Civil,Génie Civil Consulting,Nabeul,Génie Civil & BTP,Le stagiaire assure le suivi de chantier et vérifie la conformité des plans de structures en béton armé. Il participe à l'élaboration des métrés et à l'estimation des quantités de matériaux nécessaires aux ouvrages. La mission inclut le contrôle qualité sur site et le respect des normes de sécurité du chantier. Il contribue à la rédaction des rapports de chantier et au suivi de l'avancement des ouvrages.,Topographie Béton-Armé Plans Revit,4,Oui
OFF-026,Technicien Laboratoire Junior,Clinilab Sfax,Sfax,Santé & Biologie,La mission inclut des manipulations de biologie moléculaire et l'interprétation de diagnostics médicaux. Le stagiaire réalise des analyses en laboratoire et applique les protocoles de contrôle qualité pharmaceutique.,Santé Analyses Diagnostics Protocoles Contrôle-Qualité Laboratoire,3,Non
OFF-027,Stage Ingénieur IA,Carthage Analytics,à distance,Data & IA,La mission consiste à construire des pipelines de features et à évaluer les modèles via precision recall et F1-score. Le stagiaire nettoie et prépare des jeux de données avec Pandas puis entraîne des modèles de classification supervisée.,TensorFlow Machine-Learning Power-BI Pandas,5,Oui
OFF-028,Assistant Gestion des Stocks,LogiTrans Sousse,Sfax,Logistique & Supply Chain,Il participe au suivi des délais de livraison et à la résolution des incidents de transport. La mission inclut le suivi des opérations d'import export et la gestion des documents douaniers.,SAP Planification Logistique Transport Gestion-de-Stocks,,
OFF-029,Stagiaire Trésorerie,Capital Invest Tunis,à distance,Finance & Comptabilité,L'étudiant participe au calcul de la fiscalité et à la déclaration des impôts de la société. Il contribue à l'analyse de portefeuille d'investissement et à l'évaluation des risques financiers. La mission inclut la gestion de la trésorerie quotidienne et le suivi des flux de paiement sur SAP.,Fiscalité Excel SAP Analyse-Financière,5,Oui
OFF-030,Développeur Backend Junior,Medina Digital Labs,à distance,Informatique & Web,Il est chargé de corriger les bugs remontés en production et de documenter le code source sur Git. L'étudiant participe à la maintenance des serveurs Linux et à l'administration réseau de l'infrastructure.,React JavaScript Flutter Git CI/CD Kubernetes,3,Non
OFF-031,Assistant Gestion des Stocks,Achats Express Tunisie,Tunis,Logistique & Supply Chain,Il participe à la planification des transports et à la coordination des livraisons entre entrepôts. La mission inclut le suivi des opérations d'import export et la gestion des documents douaniers.,SAP Supply-Chain Import-Export Gestion-de-Stocks Transport Entrepôt,5,Oui
OFF-032,Stage Analyste Financier,Bilan Expert,à distance,Finance & Comptabilité,Il contribue à l'analyse de portefeuille d'investissement et à l'évaluation des risques financiers. Le stagiaire participe à l'établissement du bilan et à l'analyse des ratios financiers de l'entreprise.,Bilan Comptabilité SAP Trésorerie,6,Oui
OFF-033,Stage Vision par Ordinateur,Smart Data Solutions,Sousse,Data & IA,Le stage porte sur le déploiement de modèles en production via des pratiques MLOps et Spark. Il travaille sur des techniques de TF-IDF et de traitement du langage naturel pour l'analyse de textes. Il implémente des algorithmes de Naive Bayes et de régression logistique pour prédire des variables métier. Il développe des modèles de deep learning avec TensorFlow et PyTorch pour des tâches de vision par ordinateur.,Power-BI Deep-Learning Python TF-IDF,6,Oui
OFF-034,Stage Suivi de Chantier,BTP Confort,Ariana,Génie Civil & BTP,Il participe à l'élaboration des métrés et à l'estimation des quantités de matériaux nécessaires aux ouvrages. Le stagiaire assure le suivi de chantier et vérifie la conformité des plans de structures en béton armé.,AutoCAD Structures Topographie Suivi-de-Travaux Métré Sécurité,2,Oui
OFF-035,Stage SEO SEA,SocialHive,à distance,Marketing & Digital,Il assiste le chef de produit dans le lancement de nouvelles offres et l'étude de la concurrence. Il gère les réseaux sociaux de la marque et planifie un calendrier éditorial de contenu engageant. L'étudiant participe à la mise en place de scénarios d'emailing et de marketing automation. Le stage porte sur le suivi des indicateurs de croissance et l'animation de la communauté en ligne.,Branding Réseaux-Sociaux Community-Management Emailing Marketing-Automation,4,Non
OFF-036,stagiaire brand manager,Visibility Plus,Nabeul,Marketing & Digital,Le stagiaire élabore des campagnes SEO et SEA pour améliorer la visibilité des clients sur Google Ads. La mission inclut la création de contenus visuels sur Canva et la rédaction de textes publicitaires percutants. Le stage porte sur le suivi des indicateurs de croissance et l'animation de la communauté en ligne.,Réseaux-Sociaux Community-Management Branding Emailing,3,
OFF-037,Stagiaire Contrôle Qualité Pharmaceutique,BioSanté Tunis,Ariana,Santé & Biologie,Le stagiaire réalise des analyses en laboratoire et applique les protocoles de contrôle qualité pharmaceutique. Il participe à la gestion des équipements de laboratoire et au respect des normes sanitaires. Le stage porte sur le suivi des patients dans le cadre d'essais cliniques encadrés par un médecin référent. Il participe au suivi des essais cliniques et à la collecte des données de pharmacovigilance.,Contrôle-Qualité Biologie-Moléculaire Pharmacovigilance Laboratoire,3,Oui
OFF-038,Stage Coordinateur Entrepôt,TransMed Sfax,Nabeul,Logistique & Supply Chain,Il participe au suivi des délais de livraison et à la résolution des incidents de transport. La mission inclut le suivi des opérations d'import export et la gestion des documents douaniers.,Transport Supply-Chain Planification Approvisionnement,2,Oui
OFF-039,Stage Développeur Web Full Stack,Tech Solutions Tunisie,Monastir,Informatique & Web,Le stagiaire participera au développement d'applications web en JavaScript et React sous la supervision de l'équipe technique. Il est chargé de corriger les bugs remontés en production et de documenter le code source sur Git. Il travaille sur l'architecture backend en Java Spring Boot et la gestion des bases de données SQL.,Git CI/CD Kubernetes Node.js JavaScript,6,
OFF-040,Stagiaire Ingénieur Machine Learning,NeuralTech Sfax,Monastir,Data & IA,Il travaille sur des techniques de TF-IDF et de traitement du langage naturel pour l'analyse de textes. Le stage porte sur le déploiement de modèles en production via des pratiques MLOps et Spark. Il développe des modèles de deep learning avec TensorFlow et PyTorch pour des tâches de vision par ordinateur. L'étudiant conçoit des tableaux de bord Power BI à partir de données extraites en SQL.,Deep-Learning TF-IDF Spark Machine-Learning Scikit-learn NLP,5,Oui
OFF-041,Stagiaire Paie,Recruta Sfax,Ariana,Ressources Humaines,Il accompagne le processus d'onboarding des nouveaux employés et prépare les documents administratifs. Il contribue à l'organisation de sessions de formation interne et au suivi des indicateurs RH.,Recrutement Paie Fiches-de-Poste Entretiens,5,
OFF-042,stagiaire contrôle qualité pharmaceutique,MedResearch Group,Sfax,Santé & Biologie,Le stagiaire réalise des analyses en laboratoire et applique les protocoles de contrôle qualité pharmaceutique. Il participe au suivi des essais cliniques et à la collecte des données de pharmacovigilance. Il contribue au contrôle qualité des échantillons et à la validation des méthodes d'analyse.,Laboratoire Analyses Protocoles Pharmacovigilance Essais-Cliniques,5,Oui
OFF-043,STAGIAIRE TRÉSORERIE,Portefeuille Plus,Sousse,Finance & Comptabilité,Le stagiaire participe à l'établissement du bilan et à l'analyse des ratios financiers de l'entreprise. L'étudiant participe au calcul de la fiscalité et à la déclaration des impôts de la société.,Fiscalité Bilan Analyse-Financière Audit Contrôle-de-Gestion Ratios-Financiers,3,Oui
OFF-044,Développeur Backend Junior,PixelForge Sousse,Nabeul,Informatique & Web,L'étudiant participe à la maintenance des serveurs Linux et à l'administration réseau de l'infrastructure. Le candidat contribue aux revues de code et aux tests unitaires afin d'assurer la qualité du logiciel livré.,Docker Git Symfony CI/CD JavaScript React,6,Oui
OFF-045,Assistant Architecte Technique,Carthage Construction,Nabeul,Génie Civil & BTP,Il utilise AutoCAD et Revit pour la conception des plans techniques et des structures du bâtiment. Le stagiaire assure le suivi de chantier et vérifie la conformité des plans de structures en béton armé. La mission inclut le contrôle qualité sur site et le respect des normes de sécurité du chantier. Il contribue à la rédaction des rapports de chantier et au suivi de l'avancement des ouvrages.,Topographie Suivi-de-Travaux AutoCAD Revit Métré Plans,6,Oui
OFF-046,stage analyste financier,Bilan Expert,à distance,Finance & Comptabilité,Il utilise Excel avancé pour construire des modèles financiers et des tableaux de bord de trésorerie. Le stagiaire participe à l'établissement du bilan et à l'analyse des ratios financiers de l'entreprise.,Fiscalité Comptabilité SAP Trésorerie Contrôle-de-Gestion IFRS,5,Oui
OFF-047,Stagiaire Reporting Financier,Bilan Expert,à distance,Finance & Comptabilité,Il prépare des rapports de reporting financier mensuel destinés à la direction générale. L'étudiant participe au calcul de la fiscalité et à la déclaration des impôts de la société.,Analyse-Financière Trésorerie Comptabilité Audit Fiscalité,5,Oui
OFF-048,Stage Essais Cliniques,MedResearch Group,Sfax,Santé & Biologie,Il contribue au contrôle qualité des échantillons et à la validation des méthodes d'analyse. La mission inclut des manipulations de biologie moléculaire et l'interprétation de diagnostics médicaux. Le stagiaire réalise des analyses en laboratoire et applique les protocoles de contrôle qualité pharmaceutique. L'étudiant effectue des tests de microbiologie et consigne les résultats dans les registres du laboratoire.,Laboratoire Microbiologie Analyses Santé Pharmacovigilance,6,
OFF-049,Stage Administrateur Systèmes et Réseaux,Carthage Software,Ariana,Informatique & Web,Il est chargé de corriger les bugs remontés en production et de documenter le code source sur Git. Il travaille sur l'architecture backend en Java Spring Boot et la gestion des bases de données SQL. Il conçoit et implémente des API REST en Node.js et Symfony pour les modules internes de la plateforme. La mission inclut la mise en place de pipelines CI/CD et la conteneurisation des services avec Docker et Kubernetes.,CI/CD API-REST Spring-Boot PHP Git SQL,4,Oui
OFF-050,Technicien Laboratoire Junior,Analyse Plus Sousse,Ariana,Santé & Biologie,Il assiste l'équipe de recherche clinique dans la rédaction des protocoles expérimentaux. Il participe au suivi des essais cliniques et à la collecte des données de pharmacovigilance.,Laboratoire Diagnostics Santé Contrôle-Qualité Protocoles Biologie-Moléculaire,4,Oui
OFF-051,Stage Développeur Mobile Flutter,Tech Solutions Tunisie,Nabeul,Informatique & Web,L'étudiant participe à la maintenance des serveurs Linux et à l'administration réseau de l'infrastructure. Il conçoit et implémente des API REST en Node.js et Symfony pour les modules internes de la plateforme.,API-REST Symfony Linux JavaScript Node.js,5,Oui
OFF-052,Assistant Conducteur de Travaux,Béton Expert Monastir,Sousse,Génie Civil & BTP,Il participe à l'élaboration des métrés et à l'estimation des quantités de matériaux nécessaires aux ouvrages. La mission inclut le contrôle qualité sur site et le respect des normes de sécurité du chantier.,Suivi-de-Travaux Structures Chantier Béton-Armé,2,Oui
OFF-053,Assistant Gestion de Portefeuille,Capital Invest Tunis,Monastir,Finance & Comptabilité,Il assiste l'équipe d'audit dans la vérification des comptes et le contrôle des procédures internes. Il utilise Excel avancé pour construire des modèles financiers et des tableaux de bord de trésorerie. Le stagiaire participe à l'établissement du bilan et à l'analyse des ratios financiers de l'entreprise.,Bilan Fiscalité Excel Contrôle-de-Gestion,3,Oui
OFF-054,Stage Onboarding,Emploi Direct Tunisie,Tunis,Ressources Humaines,Il accompagne le processus d'onboarding des nouveaux employés et prépare les documents administratifs. La mission inclut le traitement de la paie mensuelle et la mise à jour du logiciel SIRH. L'étudiant assiste aux entretiens de recrutement et rédige des comptes rendus d'évaluation des compétences. Le stage porte sur la veille en droit du travail et la mise à jour des procédures internes.,Fiches-de-Poste Droit-du-Travail Formation Évaluation-des-Compétences,6,Oui
OFF-055,assistant gestion de portefeuille,Maghreb Audit Group,Sousse,Finance & Comptabilité,La mission inclut la gestion de la trésorerie quotidienne et le suivi des flux de paiement sur SAP. Le stagiaire participe à l'établissement du bilan et à l'analyse des ratios financiers de l'entreprise. Il assiste l'équipe d'audit dans la vérification des comptes et le contrôle des procédures internes. Il utilise Excel avancé pour construire des modèles financiers et des tableaux de bord de trésorerie.,IFRS Contrôle-de-Gestion Ratios-Financiers Audit Trésorerie Bilan,6,Non
OFF-056,stage chargé de recrutement,Emploi Direct Tunisie,Sousse,Ressources Humaines,La mission inclut le traitement de la paie mensuelle et la mise à jour du logiciel SIRH. Le stagiaire rédige des fiches de poste et présélectionne des candidats pour les entretiens de recrutement. Il participe à la gestion des talents et au suivi des plans de formation des collaborateurs. L'étudiant assiste aux entretiens de recrutement et rédige des comptes rendus d'évaluation des compétences.,Formation Recrutement Entretiens Droit-du-Travail Paie Évaluation-des-Compétences,4,Oui
OFF-057,Stage Ingénieur BTP Chantier,Génie Civil Consulting,Ariana,Génie Civil & BTP,Il participe aux relevés topographiques et à la vérification des fondations avant coulage du béton. L'étudiant assiste le conducteur de travaux dans la coordination des équipes sur le chantier. Le stage porte sur le suivi budgétaire des travaux et la gestion des approvisionnements en matériaux. La mission inclut le contrôle qualité sur site et le respect des normes de sécurité du chantier.,Chantier Béton-Armé Ouvrages Métré,5,Oui
OFF-058,Assistant Gestion des Stocks,FlowChain Monastir,Nabeul,Logistique & Supply Chain,Il participe à la planification des transports et à la coordination des livraisons entre entrepôts. L'étudiant analyse les indicateurs de performance logistique et propose des axes d'amélioration. Le stagiaire optimise la gestion des stocks et suit les niveaux d'approvisionnement sur SAP. La mission inclut le suivi des opérations d'import export et la gestion des documents douaniers.,Supply-Chain Logistique Gestion-de-Stocks Import-Export Optimisation-des-Flux Entrepôt,6,Non
OFF-059,technicien laboratoire junior,PharmaCare Monastir,Tunis,Santé & Biologie,Le stage porte sur le suivi des patients dans le cadre d'essais cliniques encadrés par un médecin référent. Il participe à la gestion des équipements de laboratoire et au respect des normes sanitaires.,Pharmacovigilance Contrôle-Qualité Analyses Protocoles Biologie-Moléculaire Santé,3,Oui
OFF-060,Stage Développeur Web Full Stack,Tech Solutions Tunisie,à distance,Informatique & Web,L'étudiant participe à la maintenance des serveurs Linux et à l'administration réseau de l'infrastructure. La mission inclut la mise en place de pipelines CI/CD et la conteneurisation des services avec Docker et Kubernetes. Le stagiaire participera au développement d'applications web en JavaScript et React sous la supervision de l'équipe technique.,Kubernetes API-REST SQL Java,3,Non
OFF-061,Stagiaire Pharmacovigilance,Pharmalab Tunisie,Sfax,Santé & Biologie,Il contribue au contrôle qualité des échantillons et à la validation des méthodes d'analyse. Il assiste l'équipe de recherche clinique dans la rédaction des protocoles expérimentaux. L'étudiant effectue des tests de microbiologie et consigne les résultats dans les registres du laboratoire. Le stage porte sur le suivi des patients dans le cadre d'essais cliniques encadrés par un médecin référent.,Santé Microbiologie Biologie-Moléculaire Protocoles Diagnostics,,
OFF-062,ASSISTANT ARCHITECTE TECHNIQUE,ArchiTech Tunis,Ariana,Génie Civil & BTP,Le stage porte sur le suivi budgétaire des travaux et la gestion des approvisionnements en matériaux. La mission inclut le contrôle qualité sur site et le respect des normes de sécurité du chantier.,Structures Plans Génie-Civil Revit Béton-Armé,4,Non
OFF-063,Stagiaire Ingénieur Logiciel,PixelForge Sousse,Nabeul,Informatique & Web,La mission inclut la mise en place de pipelines CI/CD et la conteneurisation des services avec Docker et Kubernetes. Il conçoit et implémente des API REST en Node.js et Symfony pour les modules internes de la plateforme. L'étudiant participe à la maintenance des serveurs Linux et à l'administration réseau de l'infrastructure. Le stage porte sur le développement mobile multiplateforme avec Flutter et l'intégration de services cloud.,JavaScript Node.js SQL Java Spring-Boot,3,Oui
OFF-064,Ingénieur Chantier Junior,BTP Confort,Ariana,Génie Civil & BTP,Il participe à l'élaboration des métrés et à l'estimation des quantités de matériaux nécessaires aux ouvrages. Il participe aux relevés topographiques et à la vérification des fondations avant coulage du béton.,Métré Topographie Suivi-de-Travaux Plans Génie-Civil,6,Oui
OFF-065,Stage Suivi de Chantier,Chantiers du Nord,Sfax,Génie Civil & BTP,La mission inclut le contrôle qualité sur site et le respect des normes de sécurité du chantier. Le stage porte sur le suivi budgétaire des travaux et la gestion des approvisionnements en matériaux. Il participe aux relevés topographiques et à la vérification des fondations avant coulage du béton. Le stagiaire assure le suivi de chantier et vérifie la conformité des plans de structures en béton armé.,Suivi-de-Travaux Sécurité AutoCAD Revit Plans Ouvrages,2,Non
OFF-066,Assistant Contrôleur de Gestion,Maghreb Audit Group,Nabeul,Finance & Comptabilité,Il prépare des rapports de reporting financier mensuel destinés à la direction générale. Il utilise Excel avancé pour construire des modèles financiers et des tableaux de bord de trésorerie. L'étudiant participe au calcul de la fiscalité et à la déclaration des impôts de la société.,Analyse-Financière Fiscalité Bilan IFRS,4,Non
OFF-067,Auditeur Junior,Trésor Conseil Tunisie,Sfax,Finance & Comptabilité,Il prépare des rapports de reporting financier mensuel destinés à la direction générale. Il contribue à l'analyse de portefeuille d'investissement et à l'évaluation des risques financiers.,Bilan SAP Excel Comptabilité,3,Oui
OFF-068,Stagiaire Growth Marketing,Visibility Plus,Sfax,Marketing & Digital,Il assiste le chef de produit dans le lancement de nouvelles offres et l'étude de la concurrence. Il analyse les performances des campagnes via Google Analytics et propose des optimisations budgétaires. La mission inclut la création de contenus visuels sur Canva et la rédaction de textes publicitaires percutants. Il gère les réseaux sociaux de la marque et planifie un calendrier éditorial de contenu engageant.,SEA Community-Management Analytics Emailing Content-Marketing Canva,6,
OFF-069,stage chargé de marketing digital,BrandCraft Tunis,Sfax,Marketing & Digital,Il assiste le chef de produit dans le lancement de nouvelles offres et l'étude de la concurrence. La mission inclut la création de contenus visuels sur Canva et la rédaction de textes publicitaires percutants. Il gère les réseaux sociaux de la marque et planifie un calendrier éditorial de contenu engageant.,Content-Marketing Community-Management Copywriting SEA SEO,3,Oui
OFF-070,Stage Vision par Ordinateur,Carthage Analytics,Ariana,Data & IA,Le stagiaire nettoie et prépare des jeux de données avec Pandas puis entraîne des modèles de classification supervisée. Le stage porte sur le déploiement de modèles en production via des pratiques MLOps et Spark. Il réalise des analyses statistiques exploratoires et documente les résultats dans des rapports techniques. Il développe des modèles de deep learning avec TensorFlow et PyTorch pour des tâches de vision par ordinateur.,Scikit-learn Naive-Bayes Régression-Logistique Deep-Learning,,Oui
OFF-071,Stagiaire Ingénieur Machine Learning,Carthage Analytics,Sfax,Data & IA,L'étudiant conçoit des tableaux de bord Power BI à partir de données extraites en SQL. Le stage porte sur le déploiement de modèles en production via des pratiques MLOps et Spark. La mission consiste à construire des pipelines de features et à évaluer les modèles via precision recall et F1-score. Il implémente des algorithmes de Naive Bayes et de régression logistique pour prédire des variables métier.,Power-BI Régression-Logistique Naive-Bayes Pandas Scikit-learn PyTorch,2,Oui
OFF-072,stagiaire supply chain,TransMed Sfax,Sfax,Logistique & Supply Chain,La mission inclut le suivi des opérations d'import export et la gestion des documents douaniers. Il assiste le service achats dans la négociation avec les fournisseurs et le suivi des commandes. Il contribue à l'organisation de l'entrepôt et à l'optimisation des flux de marchandises. Il participe au suivi des délais de livraison et à la résolution des incidents de transport.,SAP Optimisation-des-Flux Gestion-de-Stocks Transport Entrepôt,4,Oui
OFF-073,Stagiaire Métreur,Structura Sfax,Ariana,Génie Civil & BTP,Il contribue à la rédaction des rapports de chantier et au suivi de l'avancement des ouvrages. Il participe à l'élaboration des métrés et à l'estimation des quantités de matériaux nécessaires aux ouvrages.,Suivi-de-Travaux Topographie Sécurité Plans Structures,6,Oui
OFF-074,Stage Onboarding,Carrière Conseil,Sousse,Ressources Humaines,L'étudiant assiste aux entretiens de recrutement et rédige des comptes rendus d'évaluation des compétences. Il contribue à l'organisation de sessions de formation interne et au suivi des indicateurs RH.,Gestion-des-Talents Formation Onboarding Évaluation-des-Compétences,5,Oui
OFF-075,Stage Technicien de Laboratoire,MedResearch Group,Ariana,Santé & Biologie,Le stage porte sur le suivi des patients dans le cadre d'essais cliniques encadrés par un médecin référent. La mission inclut des manipulations de biologie moléculaire et l'interprétation de diagnostics médicaux.,Laboratoire Essais-Cliniques Santé Analyses Pharmacovigilance Contrôle-Qualité,5,Oui
OFF-076,Stagiaire Trésorerie,Fidelis Comptabilité,Sfax,Finance & Comptabilité,Il utilise Excel avancé pour construire des modèles financiers et des tableaux de bord de trésorerie. La mission inclut la gestion de la trésorerie quotidienne et le suivi des flux de paiement sur SAP. Il assiste l'équipe d'audit dans la vérification des comptes et le contrôle des procédures internes. L'étudiant participe au calcul de la fiscalité et à la déclaration des impôts de la société.,IFRS Fiscalité Excel Reporting Audit,5,Oui
OFF-077,Stage Développeur Web Full Stack,Medina Digital Labs,Ariana,Informatique & Web,Le stage porte sur le développement mobile multiplateforme avec Flutter et l'intégration de services cloud. La mission inclut la mise en place de pipelines CI/CD et la conteneurisation des services avec Docker et Kubernetes. Il conçoit et implémente des API REST en Node.js et Symfony pour les modules internes de la plateforme.,JavaScript Flutter PHP Spring-Boot,4,Oui
OFF-078,Assistant Gestion des Stocks,TransMed Sfax,Ariana,Logistique & Supply Chain,L'étudiant analyse les indicateurs de performance logistique et propose des axes d'amélioration. La mission inclut le suivi des opérations d'import export et la gestion des documents douaniers. Il contribue à l'organisation de l'entrepôt et à l'optimisation des flux de marchandises.,SAP Transport Import-Export Logistique,5,Oui
OFF-079,Stagiaire Métreur,Génie Civil Consulting,Nabeul,Génie Civil & BTP,Le stagiaire assure le suivi de chantier et vérifie la conformité des plans de structures en béton armé. La mission inclut le contrôle qualité sur site et le respect des normes de sécurité du chantier. Il participe aux relevés topographiques et à la vérification des fondations avant coulage du béton. Le stage porte sur le suivi budgétaire des travaux et la gestion des approvisionnements en matériaux.,Métré AutoCAD Revit Structures Chantier Topographie,5,Oui
OFF-080,Stagiaire Relations Sociales,GRH Solutions,Monastir,Ressources Humaines,Le stage porte sur la veille en droit du travail et la mise à jour des procédures internes. La mission inclut le traitement de la paie mensuelle et la mise à jour du logiciel SIRH. Il participe à la gestion des talents et au suivi des plans de formation des collaborateurs.,Droit-du-Travail Gestion-des-Talents Évaluation-des-Compétences Formation Fiches-de-Poste,4,Oui
OFF-081,Stage Administrateur Systèmes et Réseaux,Carthage Software,Ariana,Informatique & Web,Il travaille sur l'architecture backend en Java Spring Boot et la gestion des bases de données SQL. Le stage porte sur le développement mobile multiplateforme avec Flutter et l'intégration de services cloud. Il est chargé de corriger les bugs remontés en production et de documenter le code source sur Git. Le candidat contribue aux revues de code et aux tests unitaires afin d'assurer la qualité du logiciel livré.,Spring-Boot Java PHP Node.js Git Docker,2,Oui
OFF-082,Stage Biologie Moléculaire,PharmaCare Monastir,Sousse,Santé & Biologie,Il participe au suivi des essais cliniques et à la collecte des données de pharmacovigilance. Il participe à la gestion des équipements de laboratoire et au respect des normes sanitaires.,Essais-Cliniques Analyses Protocoles Pharmacovigilance Diagnostics Laboratoire,2,Oui
OFF-083,Stage Biologie Moléculaire,MedResearch Group,Ariana,Santé & Biologie,Le stage porte sur le suivi des patients dans le cadre d'essais cliniques encadrés par un médecin référent. Le stagiaire réalise des analyses en laboratoire et applique les protocoles de contrôle qualité pharmaceutique.,Microbiologie Biologie-Moléculaire Analyses Diagnostics,2,Non
OFF-084,Assistant Diagnostic Médical,Analyse Plus Sousse,Sousse,Santé & Biologie,Il participe à la gestion des équipements de laboratoire et au respect des normes sanitaires. Le stagiaire réalise des analyses en laboratoire et applique les protocoles de contrôle qualité pharmaceutique.,Protocoles Essais-Cliniques Microbiologie Biologie-Moléculaire Contrôle-Qualité,3,Non
OFF-085,Stagiaire Contrôle Qualité BTP,Structura Sfax,Monastir,Génie Civil & BTP,Il contribue à la rédaction des rapports de chantier et au suivi de l'avancement des ouvrages. Le stagiaire assure le suivi de chantier et vérifie la conformité des plans de structures en béton armé. L'étudiant assiste le conducteur de travaux dans la coordination des équipes sur le chantier. Il utilise AutoCAD et Revit pour la conception des plans techniques et des structures du bâtiment.,Structures Béton-Armé Ouvrages Plans,5,Non
OFF-086,Stage Ingénieur BTP Chantier,ArchiTech Tunis,Sousse,Génie Civil & BTP,Il utilise AutoCAD et Revit pour la conception des plans techniques et des structures du bâtiment. La mission inclut le contrôle qualité sur site et le respect des normes de sécurité du chantier.,Plans Topographie Métré Structures,6,Oui
OFF-087,Auditeur Junior,Fidelis Comptabilité,Sousse,Finance & Comptabilité,Le stagiaire participe à l'établissement du bilan et à l'analyse des ratios financiers de l'entreprise. L'étudiant participe au calcul de la fiscalité et à la déclaration des impôts de la société. Il prépare des rapports de reporting financier mensuel destinés à la direction générale. Il utilise Excel avancé pour construire des modèles financiers et des tableaux de bord de trésorerie.,Excel Fiscalité Reporting SAP,5,Oui
OFF-088,Développeur API REST Junior,SoftWave Technologies,Nabeul,Informatique & Web,Il conçoit et implémente des API REST en Node.js et Symfony pour les modules internes de la plateforme. Le stagiaire participera au développement d'applications web en JavaScript et React sous la supervision de l'équipe technique.,PHP Linux Symfony React Kubernetes SQL,5,Oui
OFF-089,Stagiaire Gestion des Talents,PeopleFirst Group,à distance,Ressources Humaines,Le stagiaire rédige des fiches de poste et présélectionne des candidats pour les entretiens de recrutement. L'étudiant assiste aux entretiens de recrutement et rédige des comptes rendus d'évaluation des compétences. Il accompagne le processus d'onboarding des nouveaux employés et prépare les documents administratifs. La mission inclut le traitement de la paie mensuelle et la mise à jour du logiciel SIRH.,Évaluation-des-Compétences SIRH Recrutement Onboarding Droit-du-Travail Paie,6,Non
OFF-090,Stage Planification Transport,Tunisair Logistique,Sfax,Logistique & Supply Chain,Il assiste le service achats dans la négociation avec les fournisseurs et le suivi des commandes. Le stage porte sur la coordination de la chaîne d'approvisionnement de bout en bout. Le stagiaire optimise la gestion des stocks et suit les niveaux d'approvisionnement sur SAP.,SAP Entrepôt Logistique Import-Export Supply-Chain,6,Non
OFF-091,assistant marketing automation,Digital Boost Agency,Tunis,Marketing & Digital,Il gère les réseaux sociaux de la marque et planifie un calendrier éditorial de contenu engageant. Il contribue au positionnement de la marque et à la définition de la stratégie de branding. Le stage porte sur le suivi des indicateurs de croissance et l'animation de la communauté en ligne.,Google-Ads Marketing-Automation SEO Canva Community-Management,2,Non
OFF-092,Chargé de Communication Junior,Clickers Marketing,Nabeul,Marketing & Digital,La mission inclut la création de contenus visuels sur Canva et la rédaction de textes publicitaires percutants. Le stage porte sur le suivi des indicateurs de croissance et l'animation de la communauté en ligne. Il contribue au positionnement de la marque et à la définition de la stratégie de branding.,Emailing Branding Google-Ads Copywriting SEA,,
OFF-093,Stagiaire QA Testeur Logiciel,Medina Digital Labs,Ariana,Informatique & Web,Le stage porte sur le développement mobile multiplateforme avec Flutter et l'intégration de services cloud. Le stagiaire participera au développement d'applications web en JavaScript et React sous la supervision de l'équipe technique.,Git PHP API-REST CI/CD JavaScript React,2,Oui
OFF-094,Stagiaire Comptable,Bilan Expert,Nabeul,Finance & Comptabilité,Il contribue à l'analyse de portefeuille d'investissement et à l'évaluation des risques financiers. Le stagiaire participe à l'établissement du bilan et à l'analyse des ratios financiers de l'entreprise. Il prépare des rapports de reporting financier mensuel destinés à la direction générale. La mission inclut la gestion de la trésorerie quotidienne et le suivi des flux de paiement sur SAP.,Excel Fiscalité Reporting Analyse-Financière,6,Oui
OFF-095,Stagiaire Relations Sociales,GRH Solutions,Ariana,Ressources Humaines,L'étudiant assiste aux entretiens de recrutement et rédige des comptes rendus d'évaluation des compétences. Il participe à la gestion des relations sociales et au suivi des dossiers du personnel. La mission inclut le traitement de la paie mensuelle et la mise à jour du logiciel SIRH.,Droit-du-Travail Évaluation-des-Compétences Formation Gestion-des-Talents Onboarding Entretiens,5,Oui
OFF-096,Assistant Diagnostic Médical,Pharmalab Tunisie,Nabeul,Santé & Biologie,Il assiste l'équipe de recherche clinique dans la rédaction des protocoles expérimentaux. Il contribue au contrôle qualité des échantillons et à la validation des méthodes d'analyse. La mission inclut des manipulations de biologie moléculaire et l'interprétation de diagnostics médicaux. Il participe à la gestion des équipements de laboratoire et au respect des normes sanitaires.,Microbiologie Contrôle-Qualité Analyses Santé Diagnostics,5,Oui
OFF-097,Stagiaire Gestion des Talents,GRH Solutions,Nabeul,Ressources Humaines,La mission inclut le traitement de la paie mensuelle et la mise à jour du logiciel SIRH. Il participe à la gestion des talents et au suivi des plans de formation des collaborateurs. L'étudiant assiste aux entretiens de recrutement et rédige des comptes rendus d'évaluation des compétences.,Fiches-de-Poste Droit-du-Travail Recrutement Formation Évaluation-des-Compétences Paie,4,Non
OFF-098,Stagiaire Paie,Recruta Sfax,Sousse,Ressources Humaines,Il accompagne le processus d'onboarding des nouveaux employés et prépare les documents administratifs. Il contribue à l'organisation de sessions de formation interne et au suivi des indicateurs RH. Le stage porte sur la veille en droit du travail et la mise à jour des procédures internes.,Gestion-des-Talents Formation Évaluation-des-Compétences Onboarding Droit-du-Travail,4,Non
OFF-099,stage développeur web full stack,PixelForge Sousse,à distance,Informatique & Web,Le stagiaire participera au développement d'applications web en JavaScript et React sous la supervision de l'équipe technique. Il est chargé de corriger les bugs remontés en production et de documenter le code source sur Git. La mission inclut la mise en place de pipelines CI/CD et la conteneurisation des services avec Docker et Kubernetes.,Flutter Symfony Node.js SQL,5,Non
OFF-100,Stage Ingénieur IA,NeuralTech Sfax,Sfax,Data & IA,Il implémente des algorithmes de Naive Bayes et de régression logistique pour prédire des variables métier. La mission consiste à construire des pipelines de features et à évaluer les modèles via precision recall et F1-score.,TF-IDF Régression-Logistique TensorFlow PyTorch,6,Oui
OFF-101,Assistant SIRH,GRH Solutions,Ariana,Ressources Humaines,La mission inclut le traitement de la paie mensuelle et la mise à jour du logiciel SIRH. Le stage porte sur la veille en droit du travail et la mise à jour des procédures internes. Il participe à la gestion des talents et au suivi des plans de formation des collaborateurs. Il accompagne le processus d'onboarding des nouveaux employés et prépare les documents administratifs.,Recrutement Paie Entretiens Formation Droit-du-Travail Gestion-des-Talents,4,Oui
OFF-102,Stagiaire Développeur Frontend React,CloudNet Systèmes,à distance,Informatique & Web,Le stagiaire participera au développement d'applications web en JavaScript et React sous la supervision de l'équipe technique. Le stage porte sur le développement mobile multiplateforme avec Flutter et l'intégration de services cloud. L'étudiant participe à la maintenance des serveurs Linux et à l'administration réseau de l'infrastructure. Il est chargé de corriger les bugs remontés en production et de documenter le code source sur Git.,Spring-Boot SQL Java React,3,Non
OFF-103,Stage Ingénieur IA,InsightCube,Monastir,Data & IA,Il implémente des algorithmes de Naive Bayes et de régression logistique pour prédire des variables métier. Il développe des modèles de deep learning avec TensorFlow et PyTorch pour des tâches de vision par ordinateur.,SQL Deep-Learning Machine-Learning TF-IDF Python,3,Non
OFF-104,Stagiaire Analyses Biomédicales,Pharmalab Tunisie,Sousse,Santé & Biologie,L'étudiant effectue des tests de microbiologie et consigne les résultats dans les registres du laboratoire. Il participe à la gestion des équipements de laboratoire et au respect des normes sanitaires. Le stagiaire réalise des analyses en laboratoire et applique les protocoles de contrôle qualité pharmaceutique.,Santé Laboratoire Contrôle-Qualité Protocoles Essais-Cliniques,,Oui
OFF-105,Stagiaire Contrôle Qualité BTP,Génie Civil Consulting,Sousse,Génie Civil & BTP,Il contribue à la rédaction des rapports de chantier et au suivi de l'avancement des ouvrages. Il utilise AutoCAD et Revit pour la conception des plans techniques et des structures du bâtiment. Le stagiaire assure le suivi de chantier et vérifie la conformité des plans de structures en béton armé.,Structures Sécurité Métré Génie-Civil Ouvrages Topographie,2,Oui
OFF-106,Stagiaire Ingénieur Machine Learning,DataVision Tunisie,Sousse,Data & IA,Il implémente des algorithmes de Naive Bayes et de régression logistique pour prédire des variables métier. Le stage porte sur le déploiement de modèles en production via des pratiques MLOps et Spark.,Python Naive-Bayes Spark TensorFlow NLP Régression-Logistique,6,Oui
OFF-107,Stagiaire Développeur Frontend React,Numera Tunisie,Monastir,Informatique & Web,Il conçoit et implémente des API REST en Node.js et Symfony pour les modules internes de la plateforme. Il travaille sur l'architecture backend en Java Spring Boot et la gestion des bases de données SQL. Le stage porte sur le développement mobile multiplateforme avec Flutter et l'intégration de services cloud. Il est chargé de corriger les bugs remontés en production et de documenter le code source sur Git.,SQL PHP Node.js Docker Spring-Boot Symfony,6,Oui
OFF-108,chargé de recrutement junior,GRH Solutions,Monastir,Ressources Humaines,L'étudiant assiste aux entretiens de recrutement et rédige des comptes rendus d'évaluation des compétences. Il accompagne le processus d'onboarding des nouveaux employés et prépare les documents administratifs. Il participe à la gestion des relations sociales et au suivi des dossiers du personnel.,Fiches-de-Poste Entretiens Formation Droit-du-Travail SIRH Recrutement,4,Non
OFF-109,Développeur Backend Junior,Tech Solutions Tunisie,Nabeul,Informatique & Web,Il est chargé de corriger les bugs remontés en production et de documenter le code source sur Git. Le stagiaire participera au développement d'applications web en JavaScript et React sous la supervision de l'équipe technique. L'étudiant participe à la maintenance des serveurs Linux et à l'administration réseau de l'infrastructure.,Kubernetes CI/CD Linux Symfony PHP,2,Oui
OFF-110,Assistant Import Export,Tunisair Logistique,Tunis,Logistique & Supply Chain,Il participe au suivi des délais de livraison et à la résolution des incidents de transport. Le stagiaire optimise la gestion des stocks et suit les niveaux d'approvisionnement sur SAP.,Transport Planification Logistique Gestion-de-Stocks,5,Oui
OFF-111,Développeur Backend Junior,Byte Factory,Monastir,Informatique & Web,La mission inclut la mise en place de pipelines CI/CD et la conteneurisation des services avec Docker et Kubernetes. Il est chargé de corriger les bugs remontés en production et de documenter le code source sur Git. L'étudiant participe à la maintenance des serveurs Linux et à l'administration réseau de l'infrastructure. Il travaille sur l'architecture backend en Java Spring Boot et la gestion des bases de données SQL.,SQL Java PHP Flutter,4,Oui
OFF-112,STAGIAIRE CONTRÔLE QUALITÉ PHARMACEUTIQUE,PharmaCare Monastir,Nabeul,Santé & Biologie,Il assiste l'équipe de recherche clinique dans la rédaction des protocoles expérimentaux. Il participe au suivi des essais cliniques et à la collecte des données de pharmacovigilance. Le stagiaire réalise des analyses en laboratoire et applique les protocoles de contrôle qualité pharmaceutique.,Protocoles Essais-Cliniques Analyses Pharmacovigilance,3,Non
OFF-113,Stagiaire Brand Manager,MediaPulse Tunisie,Sfax,Marketing & Digital,Il analyse les performances des campagnes via Google Analytics et propose des optimisations budgétaires. La mission inclut la création de contenus visuels sur Canva et la rédaction de textes publicitaires percutants. L'étudiant participe à la mise en place de scénarios d'emailing et de marketing automation. Il assiste le chef de produit dans le lancement de nouvelles offres et l'étude de la concurrence.,Google-Ads SEO Branding SEA Community-Management Copywriting,2,
OFF-114,Stage Chargé de Marketing Digital,BrandCraft Tunis,Monastir,Marketing & Digital,L'étudiant participe à la mise en place de scénarios d'emailing et de marketing automation. Il analyse les performances des campagnes via Google Analytics et propose des optimisations budgétaires.,Copywriting Community-Management Réseaux-Sociaux Analytics,3,Oui
OFF-115,STAGE CONTENT MANAGER,Clickers Marketing,Ariana,Marketing & Digital,Il assiste le chef de produit dans le lancement de nouvelles offres et l'étude de la concurrence. Le stage porte sur le suivi des indicateurs de croissance et l'animation de la communauté en ligne. Il contribue au positionnement de la marque et à la définition de la stratégie de branding. La mission inclut la création de contenus visuels sur Canva et la rédaction de textes publicitaires percutants.,Analytics SEA Réseaux-Sociaux Emailing,6,Oui
OFF-116,Analyste Crédit Junior,Maghreb Audit Group,Sfax,Finance & Comptabilité,Il prépare des rapports de reporting financier mensuel destinés à la direction générale. L'étudiant participe au calcul de la fiscalité et à la déclaration des impôts de la société. Le stagiaire participe à l'établissement du bilan et à l'analyse des ratios financiers de l'entreprise. Le stage porte sur le contrôle de gestion budgétaire et le suivi des écarts entre prévisions et réalisations.,Fiscalité IFRS Comptabilité Contrôle-de-Gestion Reporting,5,Oui
OFF-117,Chargé RH Junior,GRH Solutions,à distance,Ressources Humaines,Le stagiaire rédige des fiches de poste et présélectionne des candidats pour les entretiens de recrutement. Le stage porte sur la veille en droit du travail et la mise à jour des procédures internes. Il participe à la gestion des relations sociales et au suivi des dossiers du personnel. Il contribue à l'organisation de sessions de formation interne et au suivi des indicateurs RH.,Évaluation-des-Compétences Onboarding SIRH Fiches-de-Poste,6,Oui
OFF-118,Stage Coordinateur Entrepôt,Entrepôt Central Tunis,Sfax,Logistique & Supply Chain,Le stage porte sur la coordination de la chaîne d'approvisionnement de bout en bout. Il contribue à l'organisation de l'entrepôt et à l'optimisation des flux de marchandises. Le stagiaire optimise la gestion des stocks et suit les niveaux d'approvisionnement sur SAP. Il participe à la planification des transports et à la coordination des livraisons entre entrepôts.,Approvisionnement SAP Logistique Import-Export,6,Oui
OFF-119,Stagiaire Comptable,Capital Invest Tunis,Tunis,Finance & Comptabilité,Il contribue à l'analyse de portefeuille d'investissement et à l'évaluation des risques financiers. Le stage porte sur le contrôle de gestion budgétaire et le suivi des écarts entre prévisions et réalisations.,Bilan Audit IFRS Trésorerie,3,Non
OFF-120,Chargé de Recrutement Junior,HR Partners Tunis,Nabeul,Ressources Humaines,L'étudiant assiste aux entretiens de recrutement et rédige des comptes rendus d'évaluation des compétences. La mission inclut le traitement de la paie mensuelle et la mise à jour du logiciel SIRH. Il participe à la gestion des talents et au suivi des plans de formation des collaborateurs. Il contribue à l'organisation de sessions de formation interne et au suivi des indicateurs RH.,Droit-du-Travail SIRH Paie Formation Fiches-de-Poste,3,Oui
OFF-121,Stagiaire Métreur,ArchiTech Tunis,Sousse,Génie Civil & BTP,Il utilise AutoCAD et Revit pour la conception des plans techniques et des structures du bâtiment. L'étudiant assiste le conducteur de travaux dans la coordination des équipes sur le chantier.,AutoCAD Plans Sécurité Revit,6,Oui
OFF-122,Stage Technicien de Laboratoire,Analyse Plus Sousse,à distance,Santé & Biologie,Le stagiaire réalise des analyses en laboratoire et applique les protocoles de contrôle qualité pharmaceutique. Il assiste l'équipe de recherche clinique dans la rédaction des protocoles expérimentaux.,Microbiologie Santé Protocoles Analyses Contrôle-Qualité,2,Oui
OFF-123,Analyste Crédit Junior,Portefeuille Plus,Nabeul,Finance & Comptabilité,La mission inclut la gestion de la trésorerie quotidienne et le suivi des flux de paiement sur SAP. Il prépare des rapports de reporting financier mensuel destinés à la direction générale. Il contribue à l'analyse de portefeuille d'investissement et à l'évaluation des risques financiers. Le stagiaire participe à l'établissement du bilan et à l'analyse des ratios financiers de l'entreprise.,Contrôle-de-Gestion Trésorerie Bilan Comptabilité Audit,3,Oui
OFF-124,Assistant Import Export,LogiTrans Sousse,à distance,Logistique & Supply Chain,Le stage porte sur la coordination de la chaîne d'approvisionnement de bout en bout. Il participe à la planification des transports et à la coordination des livraisons entre entrepôts.,Entrepôt Planification Approvisionnement Transport Import-Export,4,Oui
OFF-125,Stage Vision par Ordinateur,NeuralTech Sfax,Sousse,Data & IA,Le stage porte sur le déploiement de modèles en production via des pratiques MLOps et Spark. La mission consiste à construire des pipelines de features et à évaluer les modèles via precision recall et F1-score. L'étudiant conçoit des tableaux de bord Power BI à partir de données extraites en SQL. Il travaille sur des techniques de TF-IDF et de traitement du langage naturel pour l'analyse de textes.,Power-BI Régression-Logistique Pandas TensorFlow,3,Oui
OFF-126,Ingénieur Structures Junior,Carthage Construction,Nabeul,Génie Civil & BTP,Il participe aux relevés topographiques et à la vérification des fondations avant coulage du béton. Le stagiaire assure le suivi de chantier et vérifie la conformité des plans de structures en béton armé. L'étudiant assiste le conducteur de travaux dans la coordination des équipes sur le chantier.,AutoCAD Ouvrages Génie-Civil Métré,6,Oui
OFF-127,Stagiaire Contrôle Qualité BTP,Structura Sfax,Sousse,Génie Civil & BTP,La mission inclut le contrôle qualité sur site et le respect des normes de sécurité du chantier. Le stage porte sur le suivi budgétaire des travaux et la gestion des approvisionnements en matériaux. Il utilise AutoCAD et Revit pour la conception des plans techniques et des structures du bâtiment. Le stagiaire assure le suivi de chantier et vérifie la conformité des plans de structures en béton armé.,Plans Suivi-de-Travaux Ouvrages Topographie Béton-Armé Métré,3,Oui
OFF-128,stagiaire relations sociales,PeopleFirst Group,Monastir,Ressources Humaines,Il accompagne le processus d'onboarding des nouveaux employés et prépare les documents administratifs. L'étudiant assiste aux entretiens de recrutement et rédige des comptes rendus d'évaluation des compétences. La mission inclut le traitement de la paie mensuelle et la mise à jour du logiciel SIRH.,Formation SIRH Paie Évaluation-des-Compétences Recrutement Droit-du-Travail,3,Non
OFF-129,Analyste Supply Chain Junior,TransMed Sfax,Monastir,Logistique & Supply Chain,La mission inclut le suivi des opérations d'import export et la gestion des documents douaniers. L'étudiant analyse les indicateurs de performance logistique et propose des axes d'amélioration.,Supply-Chain Logistique Import-Export Entrepôt,3,Oui
OFF-130,Chargé RH Junior,Carrière Conseil,Nabeul,Ressources Humaines,Il participe à la gestion des talents et au suivi des plans de formation des collaborateurs. La mission inclut le traitement de la paie mensuelle et la mise à jour du logiciel SIRH.,Formation Droit-du-Travail Fiches-de-Poste Évaluation-des-Compétences SIRH,,Oui
OFF-131,Chargé de Recrutement Junior,GRH Solutions,Monastir,Ressources Humaines,Le stage porte sur la veille en droit du travail et la mise à jour des procédures internes. Il participe à la gestion des talents et au suivi des plans de formation des collaborateurs. La mission inclut le traitement de la paie mensuelle et la mise à jour du logiciel SIRH.,Droit-du-Travail Paie Gestion-des-Talents Évaluation-des-Compétences SIRH Recrutement,4,Oui
OFF-132,chargé de communication junior,MediaPulse Tunisie,Sfax,Marketing & Digital,Le stagiaire élabore des campagnes SEO et SEA pour améliorer la visibilité des clients sur Google Ads. Il contribue au positionnement de la marque et à la définition de la stratégie de branding. Il analyse les performances des campagnes via Google Analytics et propose des optimisations budgétaires.,Content-Marketing SEO Community-Management SEA Copywriting,3,Oui
OFF-133,Stagiaire Ingénieur Logiciel,Numera Tunisie,Monastir,Informatique & Web,Le candidat contribue aux revues de code et aux tests unitaires afin d'assurer la qualité du logiciel livré. Il travaille sur l'architecture backend en Java Spring Boot et la gestion des bases de données SQL. Il conçoit et implémente des API REST en Node.js et Symfony pour les modules internes de la plateforme.,Kubernetes API-REST CI/CD Docker PHP SQL,5,Oui
OFF-134,responsable flux junior,TransMed Sfax,Sousse,Logistique & Supply Chain,Il contribue à l'organisation de l'entrepôt et à l'optimisation des flux de marchandises. La mission inclut le suivi des opérations d'import export et la gestion des documents douaniers.,Transport Supply-Chain Optimisation-des-Flux Approvisionnement,5,Oui
OFF-135,Stagiaire Ingénieur Machine Learning,Numerix AI,Nabeul,Data & IA,Le stage porte sur le déploiement de modèles en production via des pratiques MLOps et Spark. La mission consiste à construire des pipelines de features et à évaluer les modèles via precision recall et F1-score. Il développe des modèles de deep learning avec TensorFlow et PyTorch pour des tâches de vision par ordinateur.,PyTorch Deep-Learning Scikit-learn TensorFlow TF-IDF Power-BI,3,Oui
OFF-136,Stage Analyste Financier,Sfax Finance Consulting,Tunis,Finance & Comptabilité,Il contribue à l'analyse de portefeuille d'investissement et à l'évaluation des risques financiers. Il utilise Excel avancé pour construire des modèles financiers et des tableaux de bord de trésorerie. Il assiste l'équipe d'audit dans la vérification des comptes et le contrôle des procédures internes. Le stagiaire participe à l'établissement du bilan et à l'analyse des ratios financiers de l'entreprise.,Audit Trésorerie SAP Analyse-Financière Contrôle-de-Gestion,6,Oui
OFF-137,Analyste Marketing Junior,Clickers Marketing,Tunis,Marketing & Digital,La mission inclut la création de contenus visuels sur Canva et la rédaction de textes publicitaires percutants. Il assiste le chef de produit dans le lancement de nouvelles offres et l'étude de la concurrence. Le stage porte sur le suivi des indicateurs de croissance et l'animation de la communauté en ligne. Il analyse les performances des campagnes via Google Analytics et propose des optimisations budgétaires.,Copywriting SEA Content-Marketing Marketing-Automation,5,Oui
OFF-138,Stagiaire Ingénieur Logiciel,Medina Digital Labs,Sfax,Informatique & Web,Le candidat contribue aux revues de code et aux tests unitaires afin d'assurer la qualité du logiciel livré. Il travaille sur l'architecture backend en Java Spring Boot et la gestion des bases de données SQL.,JavaScript API-REST React Spring-Boot Flutter CI/CD,6,Oui
OFF-139,Stagiaire Reporting Financier,Sfax Finance Consulting,Sousse,Finance & Comptabilité,L'étudiant participe au calcul de la fiscalité et à la déclaration des impôts de la société. Il contribue à l'analyse de portefeuille d'investissement et à l'évaluation des risques financiers. Il prépare des rapports de reporting financier mensuel destinés à la direction générale. La mission inclut la gestion de la trésorerie quotidienne et le suivi des flux de paiement sur SAP.,Bilan Analyse-Financière Trésorerie Fiscalité Excel,3,Oui
OFF-140,Analyste Crédit Junior,Sfax Finance Consulting,Sousse,Finance & Comptabilité,Le stage porte sur le contrôle de gestion budgétaire et le suivi des écarts entre prévisions et réalisations. Il utilise Excel avancé pour construire des modèles financiers et des tableaux de bord de trésorerie. L'étudiant participe au calcul de la fiscalité et à la déclaration des impôts de la société. Le stagiaire participe à l'établissement du bilan et à l'analyse des ratios financiers de l'entreprise.,Excel Audit Bilan IFRS Reporting,5,Oui
OFF-141,STAGE FISCALITÉ ET COMPTABILITÉ,Maghreb Audit Group,Sfax,Finance & Comptabilité,L'étudiant participe au calcul de la fiscalité et à la déclaration des impôts de la société. Il utilise Excel avancé pour construire des modèles financiers et des tableaux de bord de trésorerie. Il prépare des rapports de reporting financier mensuel destinés à la direction générale.,Audit Excel Analyse-Financière Fiscalité Comptabilité Bilan,6,Oui
OFF-142,stagiaire développeur frontend react,PixelForge Sousse,Tunis,Informatique & Web,Le stage porte sur le développement mobile multiplateforme avec Flutter et l'intégration de services cloud. Il travaille sur l'architecture backend en Java Spring Boot et la gestion des bases de données SQL. La mission inclut la mise en place de pipelines CI/CD et la conteneurisation des services avec Docker et Kubernetes.,SQL Docker Git React,,Oui
OFF-143,Stage Onboarding,Recruta Sfax,Ariana,Ressources Humaines,Il contribue à l'organisation de sessions de formation interne et au suivi des indicateurs RH. Le stagiaire rédige des fiches de poste et présélectionne des candidats pour les entretiens de recrutement. Le stage porte sur la veille en droit du travail et la mise à jour des procédures internes. La mission inclut le traitement de la paie mensuelle et la mise à jour du logiciel SIRH.,Évaluation-des-Compétences Formation Onboarding Droit-du-Travail Recrutement,2,Oui
OFF-144,Assistant Chef de Produit Marketing,Digital Boost Agency,Ariana,Marketing & Digital,Il assiste le chef de produit dans le lancement de nouvelles offres et l'étude de la concurrence. Il analyse les performances des campagnes via Google Analytics et propose des optimisations budgétaires. L'étudiant participe à la mise en place de scénarios d'emailing et de marketing automation. Il contribue au positionnement de la marque et à la définition de la stratégie de branding.,Canva Copywriting Emailing Community-Management Marketing-Automation,3,Non
OFF-145,stagiaire ingénieur logiciel,Carthage Software,Nabeul,Informatique & Web,Le stage porte sur le développement mobile multiplateforme avec Flutter et l'intégration de services cloud. Il travaille sur l'architecture backend en Java Spring Boot et la gestion des bases de données SQL.,Node.js Spring-Boot Kubernetes JavaScript Symfony Java,2,Oui
OFF-146,Data Scientist Junior,Predictis Tunisie,à distance,Data & IA,Il travaille sur des techniques de TF-IDF et de traitement du langage naturel pour l'analyse de textes. La mission consiste à construire des pipelines de features et à évaluer les modèles via precision recall et F1-score. L'étudiant conçoit des tableaux de bord Power BI à partir de données extraites en SQL.,PyTorch Deep-Learning Python Naive-Bayes TensorFlow Pandas,3,Non
OFF-147,assistant diagnostic médical,MedResearch Group,Nabeul,Santé & Biologie,Il participe à la gestion des équipements de laboratoire et au respect des normes sanitaires. Le stagiaire réalise des analyses en laboratoire et applique les protocoles de contrôle qualité pharmaceutique. Le stage porte sur le suivi des patients dans le cadre d'essais cliniques encadrés par un médecin référent. La mission inclut des manipulations de biologie moléculaire et l'interprétation de diagnostics médicaux.,Pharmacovigilance Diagnostics Contrôle-Qualité Analyses,3,Oui
OFF-148,Assistant Marketing Automation,AdWave Sousse,Sousse,Marketing & Digital,L'étudiant participe à la mise en place de scénarios d'emailing et de marketing automation. Il analyse les performances des campagnes via Google Analytics et propose des optimisations budgétaires. Le stage porte sur le suivi des indicateurs de croissance et l'animation de la communauté en ligne.,Canva Copywriting SEO Community-Management SEA,4,Non
OFF-149,Stage Fiscalité et Comptabilité,Bilan Expert,à distance,Finance & Comptabilité,Le stage porte sur le contrôle de gestion budgétaire et le suivi des écarts entre prévisions et réalisations. La mission inclut la gestion de la trésorerie quotidienne et le suivi des flux de paiement sur SAP. Il contribue à l'analyse de portefeuille d'investissement et à l'évaluation des risques financiers. Il prépare des rapports de reporting financier mensuel destinés à la direction générale.,Comptabilité Contrôle-de-Gestion Excel Analyse-Financière Bilan IFRS,2,Oui
OFF-150,Stagiaire Développeur Frontend React,Medina Digital Labs,Sousse,Informatique & Web,La mission inclut la mise en place de pipelines CI/CD et la conteneurisation des services avec Docker et Kubernetes. Le candidat contribue aux revues de code et aux tests unitaires afin d'assurer la qualité du logiciel livré. Il travaille sur l'architecture backend en Java Spring Boot et la gestion des bases de données SQL.,Symfony API-REST Linux Flutter Git JavaScript,6,Oui
OFF-151,Stagiaire Growth Marketing,BrandCraft Tunis,Sousse,Marketing & Digital,Il gère les réseaux sociaux de la marque et planifie un calendrier éditorial de contenu engageant. L'étudiant participe à la mise en place de scénarios d'emailing et de marketing automation.,SEA Marketing-Automation Canva Réseaux-Sociaux Community-Management Google-Ads,3,Oui
OFF-152,Stage Biologie Moléculaire,Pharmalab Tunisie,Nabeul,Santé & Biologie,Le stagiaire réalise des analyses en laboratoire et applique les protocoles de contrôle qualité pharmaceutique. La mission inclut des manipulations de biologie moléculaire et l'interprétation de diagnostics médicaux. L'étudiant effectue des tests de microbiologie et consigne les résultats dans les registres du laboratoire.,Diagnostics Biologie-Moléculaire Santé Pharmacovigilance,,Oui
OFF-153,Stage Bureau d'Études Structures,ArchiTech Tunis,à distance,Génie Civil & BTP,Il participe aux relevés topographiques et à la vérification des fondations avant coulage du béton. Le stagiaire assure le suivi de chantier et vérifie la conformité des plans de structures en béton armé. Il utilise AutoCAD et Revit pour la conception des plans techniques et des structures du bâtiment.,Revit Béton-Armé Génie-Civil Structures Sécurité Suivi-de-Travaux,2,Oui
OFF-154,stagiaire mlops,Carthage Analytics,Sousse,Data & IA,Le stage porte sur le déploiement de modèles en production via des pratiques MLOps et Spark. Le stagiaire nettoie et prépare des jeux de données avec Pandas puis entraîne des modèles de classification supervisée.,Naive-Bayes Deep-Learning NLP Régression-Logistique TensorFlow SQL,,Oui
OFF-155,Stagiaire Ingénieur Génie Civil,BTP Confort,à distance,Génie Civil & BTP,Le stage porte sur le suivi budgétaire des travaux et la gestion des approvisionnements en matériaux. Il participe à l'élaboration des métrés et à l'estimation des quantités de matériaux nécessaires aux ouvrages.,Métré Revit Béton-Armé AutoCAD Suivi-de-Travaux Chantier,5,Non
OFF-156,Stagiaire Trésorerie,Sfax Finance Consulting,Sfax,Finance & Comptabilité,Il utilise Excel avancé pour construire des modèles financiers et des tableaux de bord de trésorerie. L'étudiant participe au calcul de la fiscalité et à la déclaration des impôts de la société.,Trésorerie Analyse-Financière Contrôle-de-Gestion Ratios-Financiers,3,Oui
OFF-157,Stagiaire Achats,Achats Express Tunisie,Sousse,Logistique & Supply Chain,Il contribue à l'organisation de l'entrepôt et à l'optimisation des flux de marchandises. L'étudiant analyse les indicateurs de performance logistique et propose des axes d'amélioration.,Transport Logistique Gestion-de-Stocks Supply-Chain Entrepôt SAP,5,Oui
OFF-158,Stage Technicien de Laboratoire,Analyse Plus Sousse,Ariana,Santé & Biologie,Il assiste l'équipe de recherche clinique dans la rédaction des protocoles expérimentaux. Il contribue au contrôle qualité des échantillons et à la validation des méthodes d'analyse. Il participe à la gestion des équipements de laboratoire et au respect des normes sanitaires. La mission inclut des manipulations de biologie moléculaire et l'interprétation de diagnostics médicaux.,Analyses Protocoles Contrôle-Qualité Microbiologie Santé Laboratoire,5,Oui
OFF-159,Stage Planification Transport,FlowChain Monastir,Nabeul,Logistique & Supply Chain,Il contribue à l'organisation de l'entrepôt et à l'optimisation des flux de marchandises. Il participe au suivi des délais de livraison et à la résolution des incidents de transport. Le stagiaire optimise la gestion des stocks et suit les niveaux d'approvisionnement sur SAP. Il participe à la planification des transports et à la coordination des livraisons entre entrepôts.,Gestion-de-Stocks Import-Export Supply-Chain Logistique Approvisionnement,5,Oui
OFF-160,Data Scientist Junior,NeuralTech Sfax,Tunis,Data & IA,L'étudiant conçoit des tableaux de bord Power BI à partir de données extraites en SQL. Il développe des modèles de deep learning avec TensorFlow et PyTorch pour des tâches de vision par ordinateur.,Machine-Learning SQL Scikit-learn Python PyTorch,5,Oui
OFF-161,Développeur Java Junior,Tech Solutions Tunisie,Monastir,Informatique & Web,Il travaille sur l'architecture backend en Java Spring Boot et la gestion des bases de données SQL. Il est chargé de corriger les bugs remontés en production et de documenter le code source sur Git. Il conçoit et implémente des API REST en Node.js et Symfony pour les modules internes de la plateforme. L'étudiant participe à la maintenance des serveurs Linux et à l'administration réseau de l'infrastructure.,CI/CD Flutter Symfony Kubernetes,6,Oui
OFF-162,STAGE INGÉNIEUR BTP CHANTIER,ArchiTech Tunis,Tunis,Génie Civil & BTP,L'étudiant assiste le conducteur de travaux dans la coordination des équipes sur le chantier. Il contribue à la rédaction des rapports de chantier et au suivi de l'avancement des ouvrages.,AutoCAD Ouvrages Plans Béton-Armé Revit,2,Oui
OFF-163,Stage Formation et Développement,GRH Solutions,Sousse,Ressources Humaines,Le stage porte sur la veille en droit du travail et la mise à jour des procédures internes. Il participe à la gestion des relations sociales et au suivi des dossiers du personnel. L'étudiant assiste aux entretiens de recrutement et rédige des comptes rendus d'évaluation des compétences. Il accompagne le processus d'onboarding des nouveaux employés et prépare les documents administratifs.,Recrutement SIRH Onboarding Entretiens Évaluation-des-Compétences,4,Oui
OFF-164,Stagiaire Contrôle Qualité BTP,Chantiers du Nord,Sousse,Génie Civil & BTP,Il participe à l'élaboration des métrés et à l'estimation des quantités de matériaux nécessaires aux ouvrages. La mission inclut le contrôle qualité sur site et le respect des normes de sécurité du chantier. Il utilise AutoCAD et Revit pour la conception des plans techniques et des structures du bâtiment.,Topographie Métré Génie-Civil Chantier Revit,2,Non
OFF-165,STAGIAIRE INGÉNIEUR LOGICIEL,Numera Tunisie,Ariana,Informatique & Web,La mission inclut la mise en place de pipelines CI/CD et la conteneurisation des services avec Docker et Kubernetes. Le stage porte sur le développement mobile multiplateforme avec Flutter et l'intégration de services cloud.,Flutter SQL Git React,6,Oui
OFF-166,Stagiaire MLOps,AI Nexus Labs,à distance,Data & IA,L'étudiant conçoit des tableaux de bord Power BI à partir de données extraites en SQL. Il implémente des algorithmes de Naive Bayes et de régression logistique pour prédire des variables métier.,Scikit-learn PyTorch Python Deep-Learning Spark,,Oui
OFF-167,Stagiaire Data Engineer,NeuralTech Sfax,Monastir,Data & IA,L'étudiant conçoit des tableaux de bord Power BI à partir de données extraites en SQL. Il développe des modèles de deep learning avec TensorFlow et PyTorch pour des tâches de vision par ordinateur.,Régression-Logistique PyTorch TensorFlow Naive-Bayes,4,Oui
OFF-168,Stagiaire Community Manager,BrandCraft Tunis,Sfax,Marketing & Digital,Il analyse les performances des campagnes via Google Analytics et propose des optimisations budgétaires. Il assiste le chef de produit dans le lancement de nouvelles offres et l'étude de la concurrence. La mission inclut la création de contenus visuels sur Canva et la rédaction de textes publicitaires percutants.,Analytics Emailing SEA Community-Management Canva,4,Oui
OFF-169,Analyste Marketing Junior,MediaPulse Tunisie,Nabeul,Marketing & Digital,L'étudiant participe à la mise en place de scénarios d'emailing et de marketing automation. Le stagiaire élabore des campagnes SEO et SEA pour améliorer la visibilité des clients sur Google Ads. Il gère les réseaux sociaux de la marque et planifie un calendrier éditorial de contenu engageant. La mission inclut la création de contenus visuels sur Canva et la rédaction de textes publicitaires percutants.,Content-Marketing Community-Management Canva SEO Google-Ads Analytics,3,
OFF-170,Stage SEO SEA,Visibility Plus,Tunis,Marketing & Digital,Il analyse les performances des campagnes via Google Analytics et propose des optimisations budgétaires. La mission inclut la création de contenus visuels sur Canva et la rédaction de textes publicitaires percutants. Le stagiaire élabore des campagnes SEO et SEA pour améliorer la visibilité des clients sur Google Ads.,Réseaux-Sociaux Analytics Copywriting Branding,2,Non
OFF-171,Stagiaire Analyses Biomédicales,Clinilab Sfax,à distance,Santé & Biologie,Le stage porte sur le suivi des patients dans le cadre d'essais cliniques encadrés par un médecin référent. La mission inclut des manipulations de biologie moléculaire et l'interprétation de diagnostics médicaux.,Biologie-Moléculaire Diagnostics Protocoles Microbiologie Santé,2,Oui
OFF-172,Stagiaire Analyses Biomédicales,Clinilab Sfax,Monastir,Santé & Biologie,Il participe au suivi des essais cliniques et à la collecte des données de pharmacovigilance. L'étudiant effectue des tests de microbiologie et consigne les résultats dans les registres du laboratoire. Le stage porte sur le suivi des patients dans le cadre d'essais cliniques encadrés par un médecin référent.,Pharmacovigilance Diagnostics Protocoles Microbiologie,4,Non
OFF-173,Stagiaire Optimisation Logistique,SupplyLink Tunisie,Ariana,Logistique & Supply Chain,Le stagiaire optimise la gestion des stocks et suit les niveaux d'approvisionnement sur SAP. La mission inclut le suivi des opérations d'import export et la gestion des documents douaniers. Il assiste le service achats dans la négociation avec les fournisseurs et le suivi des commandes.,Transport Entrepôt Optimisation-des-Flux Supply-Chain,4,Non
OFF-174,Stage Fiscalité et Comptabilité,Capital Invest Tunis,à distance,Finance & Comptabilité,L'étudiant participe au calcul de la fiscalité et à la déclaration des impôts de la société. Il contribue à l'analyse de portefeuille d'investissement et à l'évaluation des risques financiers.,Contrôle-de-Gestion Reporting Fiscalité SAP IFRS,6,Oui
OFF-175,Stagiaire Community Manager,MediaPulse Tunisie,Monastir,Marketing & Digital,La mission inclut la création de contenus visuels sur Canva et la rédaction de textes publicitaires percutants. L'étudiant participe à la mise en place de scénarios d'emailing et de marketing automation. Il analyse les performances des campagnes via Google Analytics et propose des optimisations budgétaires.,Google-Ads Emailing Copywriting Canva,,Oui
OFF-176,Stage Coordinateur Entrepôt,TransMed Sfax,Monastir,Logistique & Supply Chain,Il contribue à l'organisation de l'entrepôt et à l'optimisation des flux de marchandises. La mission inclut le suivi des opérations d'import export et la gestion des documents douaniers. Il assiste le service achats dans la négociation avec les fournisseurs et le suivi des commandes.,Import-Export Optimisation-des-Flux SAP Entrepôt,6,Non
OFF-177,Assistant Architecte Technique,Béton Expert Monastir,Sfax,Génie Civil & BTP,Il participe aux relevés topographiques et à la vérification des fondations avant coulage du béton. Il participe à l'élaboration des métrés et à l'estimation des quantités de matériaux nécessaires aux ouvrages.,Suivi-de-Travaux Ouvrages Structures Béton-Armé,6,Oui
OFF-178,Stagiaire MLOps,NeuralTech Sfax,Sousse,Data & IA,L'étudiant conçoit des tableaux de bord Power BI à partir de données extraites en SQL. Il implémente des algorithmes de Naive Bayes et de régression logistique pour prédire des variables métier. Le stagiaire nettoie et prépare des jeux de données avec Pandas puis entraîne des modèles de classification supervisée.,TensorFlow SQL Pandas Deep-Learning Scikit-learn Spark,3,Oui
OFF-179,Stage Content Manager,MediaPulse Tunisie,Tunis,Marketing & Digital,L'étudiant participe à la mise en place de scénarios d'emailing et de marketing automation. Il gère les réseaux sociaux de la marque et planifie un calendrier éditorial de contenu engageant.,Content-Marketing Emailing Community-Management SEA,2,Non
OFF-180,Stage Planification Transport,FlowChain Monastir,Sfax,Logistique & Supply Chain,Il participe au suivi des délais de livraison et à la résolution des incidents de transport. Il contribue à l'organisation de l'entrepôt et à l'optimisation des flux de marchandises. Il assiste le service achats dans la négociation avec les fournisseurs et le suivi des commandes. Le stage porte sur la coordination de la chaîne d'approvisionnement de bout en bout.,Transport SAP Gestion-de-Stocks Import-Export Logistique,,Oui
OFF-181,Stagiaire Relations Sociales,Carrière Conseil,Sfax,Ressources Humaines,Il participe à la gestion des relations sociales et au suivi des dossiers du personnel. Il accompagne le processus d'onboarding des nouveaux employés et prépare les documents administratifs. Il contribue à l'organisation de sessions de formation interne et au suivi des indicateurs RH. Il participe à la gestion des talents et au suivi des plans de formation des collaborateurs.,Gestion-des-Talents Onboarding Recrutement Fiches-de-Poste Formation,6,Oui
OFF-182,Stagiaire Supply Chain,FlowChain Monastir,Nabeul,Logistique & Supply Chain,Il assiste le service achats dans la négociation avec les fournisseurs et le suivi des commandes. L'étudiant analyse les indicateurs de performance logistique et propose des axes d'amélioration. Il contribue à l'organisation de l'entrepôt et à l'optimisation des flux de marchandises. Le stage porte sur la coordination de la chaîne d'approvisionnement de bout en bout.,Optimisation-des-Flux SAP Supply-Chain Transport Entrepôt,6,Oui
OFF-183,Stagiaire Relations Sociales,PeopleFirst Group,Sfax,Ressources Humaines,Le stage porte sur la veille en droit du travail et la mise à jour des procédures internes. La mission inclut le traitement de la paie mensuelle et la mise à jour du logiciel SIRH.,Paie Recrutement Entretiens SIRH Fiches-de-Poste,5,Oui
OFF-184,ANALYSTE BIG DATA JUNIOR,Smart Data Solutions,à distance,Data & IA,Il implémente des algorithmes de Naive Bayes et de régression logistique pour prédire des variables métier. Il développe des modèles de deep learning avec TensorFlow et PyTorch pour des tâches de vision par ordinateur. La mission consiste à construire des pipelines de features et à évaluer les modèles via precision recall et F1-score.,Spark Machine-Learning Régression-Logistique Scikit-learn TF-IDF NLP,6,Oui
OFF-185,Data Analyst BI Junior,DataVision Tunisie,à distance,Data & IA,Le stage porte sur le déploiement de modèles en production via des pratiques MLOps et Spark. Il développe des modèles de deep learning avec TensorFlow et PyTorch pour des tâches de vision par ordinateur. Le stagiaire nettoie et prépare des jeux de données avec Pandas puis entraîne des modèles de classification supervisée. La mission consiste à construire des pipelines de features et à évaluer les modèles via precision recall et F1-score.,Naive-Bayes TF-IDF Spark Deep-Learning NLP,6,Non
OFF-186,Stage Content Manager,BrandCraft Tunis,Nabeul,Marketing & Digital,Il contribue au positionnement de la marque et à la définition de la stratégie de branding. Le stagiaire élabore des campagnes SEO et SEA pour améliorer la visibilité des clients sur Google Ads. Il analyse les performances des campagnes via Google Analytics et propose des optimisations budgétaires. Le stage porte sur le suivi des indicateurs de croissance et l'animation de la communauté en ligne.,SEO Branding SEA Community-Management Analytics,6,Non
OFF-187,Stage Chargé de Marketing Digital,SocialHive,Sousse,Marketing & Digital,Il analyse les performances des campagnes via Google Analytics et propose des optimisations budgétaires. Il gère les réseaux sociaux de la marque et planifie un calendrier éditorial de contenu engageant.,Branding Réseaux-Sociaux SEA Community-Management Marketing-Automation SEO,4,Non
OFF-188,Stagiaire Growth Marketing,MediaPulse Tunisie,Sousse,Marketing & Digital,Il gère les réseaux sociaux de la marque et planifie un calendrier éditorial de contenu engageant. La mission inclut la création de contenus visuels sur Canva et la rédaction de textes publicitaires percutants. Il analyse les performances des campagnes via Google Analytics et propose des optimisations budgétaires. Il contribue au positionnement de la marque et à la définition de la stratégie de branding.,SEO Community-Management Content-Marketing SEA,2,Non
OFF-189,Stagiaire Data Engineer,Smart Data Solutions,Monastir,Data & IA,Il travaille sur des techniques de TF-IDF et de traitement du langage naturel pour l'analyse de textes. Le stagiaire nettoie et prépare des jeux de données avec Pandas puis entraîne des modèles de classification supervisée. Le stage porte sur le déploiement de modèles en production via des pratiques MLOps et Spark. La mission consiste à construire des pipelines de features et à évaluer les modèles via precision recall et F1-score.,Power-BI PyTorch Python Pandas,6,Oui
OFF-190,ANALYSTE SUPPLY CHAIN JUNIOR,Cargo Plus Nabeul,à distance,Logistique & Supply Chain,Il participe au suivi des délais de livraison et à la résolution des incidents de transport. Il participe à la planification des transports et à la coordination des livraisons entre entrepôts. La mission inclut le suivi des opérations d'import export et la gestion des documents douaniers.,Import-Export Optimisation-des-Flux Transport Supply-Chain Approvisionnement Entrepôt,2,Oui
OFF-191,Stage Onboarding,Emploi Direct Tunisie,Sousse,Ressources Humaines,Il participe à la gestion des relations sociales et au suivi des dossiers du personnel. Il contribue à l'organisation de sessions de formation interne et au suivi des indicateurs RH.,Gestion-des-Talents Droit-du-Travail Onboarding Fiches-de-Poste Recrutement,,Oui
OFF-192,Assistant Gestion des Stocks,Entrepôt Central Tunis,à distance,Logistique & Supply Chain,Il assiste le service achats dans la négociation avec les fournisseurs et le suivi des commandes. L'étudiant analyse les indicateurs de performance logistique et propose des axes d'amélioration.,Optimisation-des-Flux Logistique Transport Planification Supply-Chain,4,Oui
OFF-193,Stage Essais Cliniques,Institut Diagnostic Tunis,Sfax,Santé & Biologie,Le stage porte sur le suivi des patients dans le cadre d'essais cliniques encadrés par un médecin référent. Le stagiaire réalise des analyses en laboratoire et applique les protocoles de contrôle qualité pharmaceutique. Il contribue au contrôle qualité des échantillons et à la validation des méthodes d'analyse. L'étudiant effectue des tests de microbiologie et consigne les résultats dans les registres du laboratoire.,Santé Diagnostics Essais-Cliniques Analyses Microbiologie Pharmacovigilance,6,Oui
OFF-194,Stage Chargé de Marketing Digital,Digital Boost Agency,à distance,Marketing & Digital,Il contribue au positionnement de la marque et à la définition de la stratégie de branding. Le stage porte sur le suivi des indicateurs de croissance et l'animation de la communauté en ligne. Il gère les réseaux sociaux de la marque et planifie un calendrier éditorial de contenu engageant. Il assiste le chef de produit dans le lancement de nouvelles offres et l'étude de la concurrence.,Content-Marketing Branding Google-Ads Canva,5,
OFF-195,Stagiaire Développeur Frontend React,PixelForge Sousse,Ariana,Informatique & Web,Il travaille sur l'architecture backend en Java Spring Boot et la gestion des bases de données SQL. Le candidat contribue aux revues de code et aux tests unitaires afin d'assurer la qualité du logiciel livré. La mission inclut la mise en place de pipelines CI/CD et la conteneurisation des services avec Docker et Kubernetes. Le stagiaire participera au développement d'applications web en JavaScript et React sous la supervision de l'équipe technique.,Docker API-REST CI/CD React,2,Oui
OFF-196,Stage SEO SEA,AdWave Sousse,à distance,Marketing & Digital,Le stagiaire élabore des campagnes SEO et SEA pour améliorer la visibilité des clients sur Google Ads. Il contribue au positionnement de la marque et à la définition de la stratégie de branding. Il analyse les performances des campagnes via Google Analytics et propose des optimisations budgétaires.,Marketing-Automation SEA Emailing Canva Content-Marketing,2,Oui
OFF-197,Stage Bureau d'Études Structures,BTP Confort,Sousse,Génie Civil & BTP,Le stage porte sur le suivi budgétaire des travaux et la gestion des approvisionnements en matériaux. L'étudiant assiste le conducteur de travaux dans la coordination des équipes sur le chantier. Il utilise AutoCAD et Revit pour la conception des plans techniques et des structures du bâtiment.,Métré Structures Sécurité Béton-Armé,4,
OFF-198,Stage Data Analyst,Carthage Analytics,Sfax,Data & IA,Il travaille sur des techniques de TF-IDF et de traitement du langage naturel pour l'analyse de textes. Il développe des modèles de deep learning avec TensorFlow et PyTorch pour des tâches de vision par ordinateur. Le stage porte sur le déploiement de modèles en production via des pratiques MLOps et Spark. Il réalise des analyses statistiques exploratoires et documente les résultats dans des rapports techniques.,TensorFlow Deep-Learning Machine-Learning Scikit-learn Pandas PyTorch,6,Oui
OFF-199,Assistant Recherche Clinique,BioTech Nabeul,à distance,Santé & Biologie,Il contribue au contrôle qualité des échantillons et à la validation des méthodes d'analyse. L'étudiant effectue des tests de microbiologie et consigne les résultats dans les registres du laboratoire. Le stagiaire réalise des analyses en laboratoire et applique les protocoles de contrôle qualité pharmaceutique. La mission inclut des manipulations de biologie moléculaire et l'interprétation de diagnostics médicaux.,Santé Diagnostics Protocoles Pharmacovigilance Contrôle-Qualité Essais-Cliniques,4,Oui
OFF-200,Stage Vision par Ordinateur,NeuralTech Sfax,Ariana,Data & IA,L'étudiant conçoit des tableaux de bord Power BI à partir de données extraites en SQL. Il développe des modèles de deep learning avec TensorFlow et PyTorch pour des tâches de vision par ordinateur.,TensorFlow Machine-Learning SQL Régression-Logistique TF-IDF,4,Non
